year,round,team_1,team_2,seed_1,seed_2,winner,region,prob_team1,pred_winner,correct,model
2010,R64,Kentucky,ETSU,1,16,Kentucky,Region_1,0.9746390659575401,Kentucky,1,ml_gradient_boost
2010,R64,Texas,Wake Forest,8,9,Wake Forest,Region_1,0.21148517176067716,Wake Forest,1,ml_gradient_boost
2010,R64,Temple,Cornell,5,12,Cornell,Region_1,0.796315726982751,Temple,0,ml_gradient_boost
2010,R64,Wisconsin,Wofford,4,13,Wisconsin,Region_1,0.9499674915739337,Wisconsin,1,ml_gradient_boost
2010,R64,Marquette,Washington,6,11,Washington,Region_1,0.08329886548501682,Washington,1,ml_gradient_boost
2010,R64,New Mexico,Montana,3,14,New Mexico,Region_1,0.8476618104895393,New Mexico,1,ml_gradient_boost
2010,R64,Clemson,Missouri,7,10,Missouri,Region_1,0.8288390170333023,Clemson,0,ml_gradient_boost
2010,R64,West Virginia,Morgan State,2,15,West Virginia,Region_1,0.9732540770482412,West Virginia,1,ml_gradient_boost
2010,R32,Kentucky,Wake Forest,1,9,Kentucky,Region_1,0.7996162693228963,Kentucky,1,ml_gradient_boost
2010,R32,Cornell,Wisconsin,12,4,Cornell,Region_1,0.028204931790264638,Wisconsin,0,ml_gradient_boost
2010,R32,Washington,New Mexico,11,3,Washington,Region_1,0.9476645509819478,Washington,1,ml_gradient_boost
2010,R32,Missouri,West Virginia,10,2,West Virginia,Region_1,0.00576748553784239,West Virginia,1,ml_gradient_boost
2010,S16,Kentucky,Cornell,1,12,Kentucky,Region_1,0.8435962069783357,Kentucky,1,ml_gradient_boost
2010,S16,Washington,West Virginia,11,2,West Virginia,Region_1,0.1769939834586987,West Virginia,1,ml_gradient_boost
2010,E8,Kentucky,West Virginia,1,2,West Virginia,Region_1,0.5765594543491934,Kentucky,0,ml_gradient_boost
2010,R64,Kansas,Lehigh,1,16,Kansas,Region_2,0.9955471613370209,Kansas,1,ml_gradient_boost
2010,R64,Michigan State,New Mexico State,5,12,Michigan State,Region_2,0.9645167383057408,Michigan State,1,ml_gradient_boost
2010,R64,Maryland,Houston,4,13,Maryland,Region_2,0.9493341886047527,Maryland,1,ml_gradient_boost
2010,R64,Tennessee,San Diego State,6,11,Tennessee,Region_2,0.7067930269063968,Tennessee,1,ml_gradient_boost
2010,R64,Georgetown,Ohio,3,14,Ohio,Region_2,0.8997539627906723,Georgetown,0,ml_gradient_boost
2010,R64,Oklahoma State,Georgia Tech,7,10,Georgia Tech,Region_2,0.5196179501639636,Oklahoma State,0,ml_gradient_boost
2010,R32,Kansas,Northern Iowa,1,9,Northern Iowa,Region_2,0.9084212716518204,Kansas,0,ml_gradient_boost
2010,R32,Michigan State,Maryland,5,4,Michigan State,Region_2,0.2651661125241165,Maryland,0,ml_gradient_boost
2010,R32,Tennessee,Ohio,6,14,Tennessee,Region_2,0.9804486042658963,Tennessee,1,ml_gradient_boost
2010,R32,Georgia Tech,Ohio State,10,2,Ohio State,Region_2,0.16382536627591693,Ohio State,1,ml_gradient_boost
2010,S16,Northern Iowa,Michigan State,9,5,Michigan State,Region_2,0.13451206301236993,Michigan State,1,ml_gradient_boost
2010,S16,Tennessee,Ohio State,6,2,Tennessee,Region_2,0.6649253525128949,Tennessee,1,ml_gradient_boost
2010,E8,Michigan State,Tennessee,5,6,Michigan State,Region_2,0.21869066389774092,Tennessee,0,ml_gradient_boost
2010,R64,Duke,Arkansas-Pine Bluff,1,16,Duke,Region_3,0.9958607551891128,Duke,1,ml_gradient_boost
2010,R64,California,Louisville,8,9,California,Region_3,0.7489020324794055,California,1,ml_gradient_boost
2010,R64,Texas A&M,Utah State,5,12,Texas A&M,Region_3,0.6941519519498194,Texas A&M,1,ml_gradient_boost
2010,R64,Purdue,Siena,4,13,Purdue,Region_3,0.8215896493697575,Purdue,1,ml_gradient_boost
2010,R64,Notre Dame,Old Dominion,6,11,Old Dominion,Region_3,0.16568307122592812,Old Dominion,1,ml_gradient_boost
2010,R64,Baylor,Sam Houston,3,14,Baylor,Region_3,0.7933295780910568,Baylor,1,ml_gradient_boost
2010,R64,Villanova,Robert Morris,2,15,Villanova,Region_3,0.9939406714148268,Villanova,1,ml_gradient_boost
2010,R32,Duke,California,1,8,Duke,Region_3,0.9214873215701553,Duke,1,ml_gradient_boost
2010,R32,Texas A&M,Purdue,5,4,Purdue,Region_3,0.08737145086623632,Purdue,1,ml_gradient_boost
2010,R32,Old Dominion,Baylor,11,3,Baylor,Region_3,0.0784163833224537,Baylor,1,ml_gradient_boost
2010,S16,Duke,Purdue,1,4,Duke,Region_3,0.37119490922748666,Purdue,0,ml_gradient_boost
2010,E8,Duke,Baylor,1,3,Duke,Region_3,0.9579751681635618,Duke,1,ml_gradient_boost
2010,R64,Syracuse,Vermont,1,16,Syracuse,Region_4,0.9873901517056544,Syracuse,1,ml_gradient_boost
2010,R64,Gonzaga,Florida State,8,9,Gonzaga,Region_4,0.28034501741151086,Florida State,0,ml_gradient_boost
2010,R64,Butler,UTEP,5,12,Butler,Region_4,0.5628820459345862,Butler,1,ml_gradient_boost
2010,R64,Vanderbilt,Murray State,4,13,Murray State,Region_4,0.7894485155317132,Vanderbilt,0,ml_gradient_boost
2010,R64,Xavier,Minnesota,6,11,Xavier,Region_4,0.580188048515668,Xavier,1,ml_gradient_boost
2010,R64,Pitt,Oakland,3,14,Pitt,Region_4,0.9241760357803462,Pitt,1,ml_gradient_boost
2010,R64,Kansas State,North Texas,2,15,Kansas State,Region_4,0.9800006102854775,Kansas State,1,ml_gradient_boost
2010,R32,Syracuse,Gonzaga,1,8,Syracuse,Region_4,0.8140760808672368,Syracuse,1,ml_gradient_boost
2010,R32,Butler,Murray State,5,13,Butler,Region_4,0.9105702053778342,Butler,1,ml_gradient_boost
2010,R32,Xavier,Pitt,6,3,Xavier,Region_4,0.3923349868600427,Pitt,0,ml_gradient_boost
2010,S16,Syracuse,Butler,1,5,Butler,Region_4,0.7343369074326953,Syracuse,0,ml_gradient_boost
2010,S16,Xavier,Kansas State,6,2,Kansas State,Region_4,0.10960360084113364,Kansas State,1,ml_gradient_boost
2010,E8,Butler,Kansas State,5,2,Butler,Region_4,0.08684558235561451,Kansas State,0,ml_gradient_boost
2010,F4,West Virginia,Duke,2,1,Duke,Final Four,0.3044353536570543,Duke,1,ml_gradient_boost
2010,F4,Michigan State,Butler,5,5,Butler,Final Four,0.5397620028086619,Michigan State,0,ml_gradient_boost
2010,Championship,Duke,Butler,1,5,Duke,Final Four,0.9529853034585886,Duke,1,ml_gradient_boost
2011,R64,Ohio State,UTSA,1,16,Ohio State,Region_1,0.992899454623827,Ohio State,1,ml_gradient_boost
2011,R64,George Mason,Villanova,8,9,George Mason,Region_1,0.32468552329278094,Villanova,0,ml_gradient_boost
2011,R64,West Virginia,Clemson,5,12,West Virginia,Region_1,0.39842380435215335,Clemson,0,ml_gradient_boost
2011,R64,Kentucky,Princeton,4,13,Kentucky,Region_1,0.9191054203451997,Kentucky,1,ml_gradient_boost
2011,R64,Xavier,Marquette,6,11,Marquette,Region_1,0.029438651737603197,Marquette,1,ml_gradient_boost
2011,R64,Syracuse,Indiana State,3,14,Syracuse,Region_1,0.9304688671954325,Syracuse,1,ml_gradient_boost
2011,R64,Washington,Georgia,7,10,Washington,Region_1,0.5495878246782591,Washington,1,ml_gradient_boost
2011,R32,Ohio State,George Mason,1,8,Ohio State,Region_1,0.9800523250722447,Ohio State,1,ml_gradient_boost
2011,R32,West Virginia,Kentucky,5,4,Kentucky,Region_1,0.3300077075376025,Kentucky,1,ml_gradient_boost
2011,R32,Marquette,Syracuse,11,3,Marquette,Region_1,0.09633053013890502,Syracuse,0,ml_gradient_boost
2011,R32,Washington,UNC,7,2,UNC,Region_1,0.17946147717753702,UNC,1,ml_gradient_boost
2011,S16,Ohio State,Kentucky,1,4,Kentucky,Region_1,0.8496005643813683,Ohio State,0,ml_gradient_boost
2011,S16,Marquette,UNC,11,2,UNC,Region_1,0.2476475242675821,UNC,1,ml_gradient_boost
2011,E8,Kentucky,UNC,4,2,Kentucky,Region_1,0.5230787362732224,Kentucky,1,ml_gradient_boost
2011,R64,Pitt,UNC Asheville,1,16,Pitt,Region_2,0.991581058006038,Pitt,1,ml_gradient_boost
2011,R64,Butler,Old Dominion,8,9,Butler,Region_2,0.8294176090882079,Butler,1,ml_gradient_boost
2011,R64,Kansas State,Utah State,5,12,Kansas State,Region_2,0.15803863324453585,Utah State,0,ml_gradient_boost
2011,R64,Wisconsin,Belmont,4,13,Wisconsin,Region_2,0.8901549534276134,Wisconsin,1,ml_gradient_boost
2011,R64,St. John's (NY),Gonzaga,6,11,Gonzaga,Region_2,0.18988385572151453,Gonzaga,1,ml_gradient_boost
2011,R64,UCLA,Michigan State,7,10,UCLA,Region_2,0.12913084982885825,Michigan State,0,ml_gradient_boost
2011,R32,Pitt,Butler,1,8,Butler,Region_2,0.933589049941142,Pitt,0,ml_gradient_boost
2011,R32,Kansas State,Wisconsin,5,4,Wisconsin,Region_2,0.1372959574872541,Wisconsin,1,ml_gradient_boost
2011,R32,UCLA,Florida,7,2,Florida,Region_2,0.903402307929373,UCLA,0,ml_gradient_boost
2011,S16,Butler,Wisconsin,8,4,Butler,Region_2,0.010430672557641277,Wisconsin,0,ml_gradient_boost
2011,E8,Butler,Florida,8,2,Butler,Region_2,0.23235121318854193,Florida,0,ml_gradient_boost
2011,R64,Kansas,Boston University,1,16,Kansas,Region_3,0.9917792952830181,Kansas,1,ml_gradient_boost
2011,R64,Vanderbilt,Richmond,5,12,Richmond,Region_3,0.29293518958418685,Richmond,1,ml_gradient_boost
2011,R64,Louisville,Morehead State,4,13,Morehead State,Region_3,0.9509450783535318,Louisville,0,ml_gradient_boost
2011,R64,Georgetown,VCU,6,11,VCU,Region_3,0.7723359890255198,Georgetown,0,ml_gradient_boost
2011,R64,Texas A&M,Florida State,7,10,Florida State,Region_3,0.3915796968710831,Florida State,1,ml_gradient_boost
2011,R64,Notre Dame,Akron,2,15,Notre Dame,Region_3,0.9612253809996021,Notre Dame,1,ml_gradient_boost
2011,R32,Kansas,Illinois,1,9,Kansas,Region_3,0.9149273955757922,Kansas,1,ml_gradient_boost
2011,R32,Richmond,Morehead State,12,13,Richmond,Region_3,0.9781903858765725,Richmond,1,ml_gradient_boost
2011,R32,VCU,Purdue,11,3,VCU,Region_3,0.003424356077981954,Purdue,0,ml_gradient_boost
2011,R32,Florida State,Notre Dame,10,2,Florida State,Region_3,0.5196621069325812,Florida State,1,ml_gradient_boost
2011,S16,Kansas,Richmond,1,12,Kansas,Region_3,0.9523177204846011,Kansas,1,ml_gradient_boost
2011,S16,VCU,Florida State,11,10,VCU,Region_3,0.1171359281324817,Florida State,0,ml_gradient_boost
2011,E8,Kansas,VCU,1,11,VCU,Region_3,0.9892279837049562,Kansas,0,ml_gradient_boost
2011,R64,Duke,Hampton,1,16,Duke,Region_4,0.9680192895629649,Duke,1,ml_gradient_boost
2011,R64,Michigan,Tennessee,8,9,Michigan,Region_4,0.868744536510901,Michigan,1,ml_gradient_boost
2011,R64,Arizona,Memphis,5,12,Arizona,Region_4,0.838203439047253,Arizona,1,ml_gradient_boost
2011,R64,Texas,Oakland,4,13,Texas,Region_4,0.7355240235088832,Texas,1,ml_gradient_boost
2011,R64,Cincinnati,Missouri,6,11,Cincinnati,Region_4,0.6662506706236826,Cincinnati,1,ml_gradient_boost
2011,R64,UConn,Bucknell,3,14,UConn,Region_4,0.9756186192437586,UConn,1,ml_gradient_boost
2011,R64,Temple,Penn State,7,10,Temple,Region_4,0.9233061164687121,Temple,1,ml_gradient_boost
2011,R64,San Diego State,Northern Colorado,2,15,San Diego State,Region_4,0.9781049448836331,San Diego State,1,ml_gradient_boost
2011,R32,Duke,Michigan,1,8,Duke,Region_4,0.9660943821315603,Duke,1,ml_gradient_boost
2011,R32,Arizona,Texas,5,4,Arizona,Region_4,0.7064784143148468,Arizona,1,ml_gradient_boost
2011,R32,Cincinnati,UConn,6,3,UConn,Region_4,0.008539137155458208,UConn,1,ml_gradient_boost
2011,R32,Temple,San Diego State,7,2,San Diego State,Region_4,0.03159259004695506,San Diego State,1,ml_gradient_boost
2011,S16,Duke,Arizona,1,5,Arizona,Region_4,0.6604550172513922,Duke,0,ml_gradient_boost
2011,S16,UConn,San Diego State,3,2,UConn,Region_4,0.09077175944660384,San Diego State,0,ml_gradient_boost
2011,E8,Arizona,UConn,5,3,UConn,Region_4,0.2049528987215823,UConn,1,ml_gradient_boost
2011,F4,Kentucky,UConn,4,3,UConn,Final Four,0.9158112965898391,Kentucky,0,ml_gradient_boost
2011,F4,Butler,VCU,8,11,Butler,Final Four,0.8408264761985371,Butler,1,ml_gradient_boost
2011,Championship,UConn,Butler,3,8,UConn,Final Four,0.8054261109131912,UConn,1,ml_gradient_boost
2012,R64,Syracuse,UNC Asheville,1,16,Syracuse,Region_1,0.9922215802327717,Syracuse,1,ml_gradient_boost
2012,R64,Vanderbilt,Harvard,5,12,Vanderbilt,Region_1,0.024697897376267805,Harvard,0,ml_gradient_boost
2012,R64,Wisconsin,Montana,4,13,Wisconsin,Region_1,0.9425896692138681,Wisconsin,1,ml_gradient_boost
2012,R64,Cincinnati,Texas,6,11,Cincinnati,Region_1,0.36226569620264737,Texas,0,ml_gradient_boost
2012,R64,Florida State,St. Bonaventure,3,14,Florida State,Region_1,0.8489396317700543,Florida State,1,ml_gradient_boost
2012,R64,Gonzaga,West Virginia,7,10,Gonzaga,Region_1,0.8627742191607943,Gonzaga,1,ml_gradient_boost
2012,R64,Ohio State,Loyola (MD),2,15,Ohio State,Region_1,0.9380730142387865,Ohio State,1,ml_gradient_boost
2012,R32,Syracuse,Kansas State,1,8,Syracuse,Region_1,0.9365596072508735,Syracuse,1,ml_gradient_boost
2012,R32,Vanderbilt,Wisconsin,5,4,Wisconsin,Region_1,0.4649732637355584,Wisconsin,1,ml_gradient_boost
2012,R32,Cincinnati,Florida State,6,3,Cincinnati,Region_1,0.45013434125381574,Florida State,0,ml_gradient_boost
2012,R32,Gonzaga,Ohio State,7,2,Ohio State,Region_1,0.38610980528331523,Ohio State,1,ml_gradient_boost
2012,S16,Syracuse,Wisconsin,1,4,Syracuse,Region_1,0.9546832917455554,Syracuse,1,ml_gradient_boost
2012,S16,Cincinnati,Ohio State,6,2,Ohio State,Region_1,0.05754433580497924,Ohio State,1,ml_gradient_boost
2012,E8,Syracuse,Ohio State,1,2,Ohio State,Region_1,0.5400985377706805,Syracuse,0,ml_gradient_boost
2012,R64,UNC,Vermont,1,16,UNC,Region_2,0.9960119050036218,UNC,1,ml_gradient_boost
2012,R64,Creighton,Alabama,8,9,Creighton,Region_2,0.9748030877393302,Creighton,1,ml_gradient_boost
2012,R64,Temple,South Florida,5,12,South Florida,Region_2,0.9058653442146823,Temple,0,ml_gradient_boost
2012,R64,Michigan,Ohio,4,13,Ohio,Region_2,0.6551157359267225,Michigan,0,ml_gradient_boost
2012,R64,San Diego State,NC State,6,11,NC State,Region_2,0.06493743365066187,NC State,1,ml_gradient_boost
2012,R64,Georgetown,Belmont,3,14,Georgetown,Region_2,0.23119876357621252,Belmont,0,ml_gradient_boost
2012,R64,Kansas,Detroit Mercy,2,15,Kansas,Region_2,0.9831191350757219,Kansas,1,ml_gradient_boost
2012,R32,UNC,Creighton,1,8,UNC,Region_2,0.7195827920743223,UNC,1,ml_gradient_boost
2012,R32,South Florida,Ohio,12,13,Ohio,Region_2,0.23482334134992056,Ohio,1,ml_gradient_boost
2012,R32,NC State,Georgetown,11,3,NC State,Region_2,0.6963197638935388,NC State,1,ml_gradient_boost
2012,R32,Purdue,Kansas,10,2,Kansas,Region_2,0.036203424227269965,Kansas,1,ml_gradient_boost
2012,S16,UNC,Ohio,1,13,UNC,Region_2,0.3514580594200738,Ohio,0,ml_gradient_boost
2012,S16,NC State,Kansas,11,2,Kansas,Region_2,0.06304876129481242,Kansas,1,ml_gradient_boost
2012,E8,UNC,Kansas,1,2,Kansas,Region_2,0.17790722733361874,Kansas,1,ml_gradient_boost
2012,R64,Kentucky,Western Kentucky,1,16,Kentucky,Region_3,0.8300108907496874,Kentucky,1,ml_gradient_boost
2012,R64,Iowa State,UConn,8,9,Iowa State,Region_3,0.8419592098928933,Iowa State,1,ml_gradient_boost
2012,R64,Wichita State,VCU,5,12,VCU,Region_3,0.30836922573733555,VCU,1,ml_gradient_boost
2012,R64,Indiana,New Mexico State,4,13,Indiana,Region_3,0.7615547955734562,Indiana,1,ml_gradient_boost
2012,R64,Baylor,South Dakota State,3,14,Baylor,Region_3,0.6128400471035751,Baylor,1,ml_gradient_boost
2012,R64,Notre Dame,Xavier,7,10,Xavier,Region_3,0.8991758039492989,Notre Dame,0,ml_gradient_boost
2012,R64,Duke,Lehigh,2,15,Lehigh,Region_3,0.9373535330049062,Duke,0,ml_gradient_boost
2012,R32,Kentucky,Iowa State,1,8,Kentucky,Region_3,0.9868055327529626,Kentucky,1,ml_gradient_boost
2012,R32,VCU,Indiana,12,4,Indiana,Region_3,0.11354808342211886,Indiana,1,ml_gradient_boost
2012,R32,Colorado,Baylor,11,3,Baylor,Region_3,0.6452829755066946,Colorado,0,ml_gradient_boost
2012,R32,Xavier,Lehigh,10,15,Xavier,Region_3,0.8162833833416364,Xavier,1,ml_gradient_boost
2012,S16,Kentucky,Indiana,1,4,Kentucky,Region_3,0.9828464579362769,Kentucky,1,ml_gradient_boost
2012,S16,Baylor,Xavier,3,10,Baylor,Region_3,0.8527662838507306,Baylor,1,ml_gradient_boost
2012,E8,Kentucky,Baylor,1,3,Kentucky,Region_3,0.78498445086288,Kentucky,1,ml_gradient_boost
2012,R64,Memphis,Saint Louis,8,9,Saint Louis,Region_4,0.7125883610579365,Memphis,0,ml_gradient_boost
2012,R64,New Mexico,Long Beach State,5,12,New Mexico,Region_4,0.7199165809933994,New Mexico,1,ml_gradient_boost
2012,R64,Louisville,Davidson,4,13,Louisville,Region_4,0.6514496105180735,Louisville,1,ml_gradient_boost
2012,R64,Murray State,Colorado State,6,11,Murray State,Region_4,0.7542075725366252,Murray State,1,ml_gradient_boost
2012,R64,Florida,Virginia,7,10,Florida,Region_4,0.8151992373383828,Florida,1,ml_gradient_boost
2012,R64,Missouri,Norfolk State,2,15,Norfolk State,Region_4,0.9808050322931269,Missouri,0,ml_gradient_boost
2012,R32,Michigan State,Saint Louis,1,9,Michigan State,Region_4,0.6335194281845383,Michigan State,1,ml_gradient_boost
2012,R32,New Mexico,Louisville,5,4,Louisville,Region_4,0.13128389883039823,Louisville,1,ml_gradient_boost
2012,R32,Murray State,Marquette,6,3,Marquette,Region_4,0.10124844126693001,Marquette,1,ml_gradient_boost
2012,R32,Florida,Norfolk State,7,15,Florida,Region_4,0.8544858672141284,Florida,1,ml_gradient_boost
2012,S16,Michigan State,Louisville,1,4,Louisville,Region_4,0.6530591596318972,Michigan State,0,ml_gradient_boost
2012,S16,Marquette,Florida,3,7,Florida,Region_4,0.3115627552808459,Florida,1,ml_gradient_boost
2012,E8,Louisville,Florida,4,7,Louisville,Region_4,0.723135220956312,Louisville,1,ml_gradient_boost
2012,F4,Ohio State,Kansas,2,2,Kansas,Final Four,0.3030598108074312,Kansas,1,ml_gradient_boost
2012,F4,Kentucky,Louisville,1,4,Kentucky,Final Four,0.9763074075995175,Kentucky,1,ml_gradient_boost
2012,Championship,Kansas,Kentucky,2,1,Kentucky,Final Four,0.13193198935241268,Kentucky,1,ml_gradient_boost
2013,R64,Indiana,James Madison,1,16,Indiana,Region_1,0.9923593519462568,Indiana,1,ml_gradient_boost
2013,R64,NC State,Temple,8,9,Temple,Region_1,0.9063817881648149,NC State,0,ml_gradient_boost
2013,R64,Syracuse,Montana,4,13,Syracuse,Region_1,0.9592951135190414,Syracuse,1,ml_gradient_boost
2013,R64,Butler,Bucknell,6,11,Butler,Region_1,0.606629275039909,Butler,1,ml_gradient_boost
2013,R64,Marquette,Davidson,3,14,Marquette,Region_1,0.5516448871569636,Marquette,1,ml_gradient_boost
2013,R64,Illinois,Colorado,7,10,Illinois,Region_1,0.9004987362639869,Illinois,1,ml_gradient_boost
2013,R64,Miami (FL),Pacific,2,15,Miami (FL),Region_1,0.9054361760252505,Miami (FL),1,ml_gradient_boost
2013,R32,Indiana,Temple,1,9,Indiana,Region_1,0.7589508202483138,Indiana,1,ml_gradient_boost
2013,R32,California,Syracuse,12,4,Syracuse,Region_1,0.20464471600652082,Syracuse,1,ml_gradient_boost
2013,R32,Butler,Marquette,6,3,Marquette,Region_1,0.4248983804771163,Marquette,1,ml_gradient_boost
2013,R32,Illinois,Miami (FL),7,2,Miami (FL),Region_1,0.3584886861770775,Miami (FL),1,ml_gradient_boost
2013,S16,Indiana,Syracuse,1,4,Syracuse,Region_1,0.09434250431876871,Syracuse,1,ml_gradient_boost
2013,S16,Marquette,Miami (FL),3,2,Marquette,Region_1,0.21247180382183758,Miami (FL),0,ml_gradient_boost
2013,E8,Syracuse,Marquette,4,3,Syracuse,Region_1,0.568352153376175,Syracuse,1,ml_gradient_boost
2013,R64,Louisville,North Carolina A&T,1,16,Louisville,Region_2,0.99231459824387,Louisville,1,ml_gradient_boost
2013,R64,Colorado State,Missouri,8,9,Colorado State,Region_2,0.4241799802383309,Missouri,0,ml_gradient_boost
2013,R64,Oklahoma State,Oregon,5,12,Oregon,Region_2,0.4887526826250649,Oregon,1,ml_gradient_boost
2013,R64,Saint Louis,New Mexico State,4,13,Saint Louis,Region_2,0.8069869833884278,Saint Louis,1,ml_gradient_boost
2013,R64,Michigan State,Valparaiso,3,14,Michigan State,Region_2,0.974444908620749,Michigan State,1,ml_gradient_boost
2013,R64,Creighton,Cincinnati,7,10,Creighton,Region_2,0.891191770547473,Creighton,1,ml_gradient_boost
2013,R64,Duke,Albany (NY),2,15,Duke,Region_2,0.9912011410272619,Duke,1,ml_gradient_boost
2013,R32,Louisville,Colorado State,1,8,Louisville,Region_2,0.9520216130033513,Louisville,1,ml_gradient_boost
2013,R32,Oregon,Saint Louis,12,4,Oregon,Region_2,0.8672570224517506,Oregon,1,ml_gradient_boost
2013,R32,Memphis,Michigan State,6,3,Michigan State,Region_2,0.8477323714491497,Memphis,0,ml_gradient_boost
2013,R32,Creighton,Duke,7,2,Duke,Region_2,0.1311456385028026,Duke,1,ml_gradient_boost
2013,S16,Louisville,Oregon,1,12,Louisville,Region_2,0.9573395715101705,Louisville,1,ml_gradient_boost
2013,S16,Michigan State,Duke,3,2,Duke,Region_2,0.4227853450431119,Duke,1,ml_gradient_boost
2013,E8,Louisville,Duke,1,2,Louisville,Region_2,0.19212341312354378,Duke,0,ml_gradient_boost
2013,R64,Kansas,Western Kentucky,1,16,Kansas,Region_3,0.9737873700291616,Kansas,1,ml_gradient_boost
2013,R64,UNC,Villanova,8,9,UNC,Region_3,0.8054744500431837,UNC,1,ml_gradient_boost
2013,R64,VCU,Akron,5,12,VCU,Region_3,0.5436981688181368,VCU,1,ml_gradient_boost
2013,R64,Michigan,South Dakota State,4,13,Michigan,Region_3,0.9774454823694526,Michigan,1,ml_gradient_boost
2013,R64,UCLA,Minnesota,6,11,Minnesota,Region_3,0.20535437197031464,Minnesota,1,ml_gradient_boost
2013,R64,Florida,Northwestern State,3,14,Florida,Region_3,0.9757070131366192,Florida,1,ml_gradient_boost
2013,R64,San Diego State,Oklahoma,7,10,San Diego State,Region_3,0.2357988409634506,Oklahoma,0,ml_gradient_boost
2013,R64,Georgetown,Florida Gulf Coast,2,15,Florida Gulf Coast,Region_3,0.8977740885376131,Georgetown,0,ml_gradient_boost
2013,R32,Kansas,UNC,1,8,Kansas,Region_3,0.5157263414764719,Kansas,1,ml_gradient_boost
2013,R32,VCU,Michigan,5,4,Michigan,Region_3,0.013092673976307817,Michigan,1,ml_gradient_boost
2013,R32,Minnesota,Florida,11,3,Florida,Region_3,0.41729255009135796,Florida,1,ml_gradient_boost
2013,R32,San Diego State,Florida Gulf Coast,7,15,Florida Gulf Coast,Region_3,0.8477784458860198,San Diego State,0,ml_gradient_boost
2013,S16,Kansas,Michigan,1,4,Michigan,Region_3,0.09320809284775128,Michigan,1,ml_gradient_boost
2013,S16,Florida,Florida Gulf Coast,3,15,Florida,Region_3,0.6590525386118663,Florida,1,ml_gradient_boost
2013,E8,Michigan,Florida,4,3,Michigan,Region_3,0.4990252456584748,Florida,0,ml_gradient_boost
2013,R64,Gonzaga,Southern,1,16,Gonzaga,Region_4,0.9957076658630403,Gonzaga,1,ml_gradient_boost
2013,R64,Pitt,Wichita State,8,9,Wichita State,Region_4,0.22444241098873458,Wichita State,1,ml_gradient_boost
2013,R64,Wisconsin,Ole Miss,5,12,Ole Miss,Region_4,0.29433647779195576,Ole Miss,1,ml_gradient_boost
2013,R64,Kansas State,La Salle,4,13,La Salle,Region_4,0.7444896647321353,Kansas State,0,ml_gradient_boost
2013,R64,Arizona,Belmont,6,11,Arizona,Region_4,0.8906170690334239,Arizona,1,ml_gradient_boost
2013,R64,New Mexico,Harvard,3,14,Harvard,Region_4,0.9021091785558693,New Mexico,0,ml_gradient_boost
2013,R64,Notre Dame,Iowa State,7,10,Iowa State,Region_4,0.8354763487277048,Notre Dame,0,ml_gradient_boost
2013,R64,Ohio State,Iona,2,15,Ohio State,Region_4,0.9872005218265092,Ohio State,1,ml_gradient_boost
2013,R32,Gonzaga,Wichita State,1,9,Wichita State,Region_4,0.8532084064317722,Gonzaga,0,ml_gradient_boost
2013,R32,Ole Miss,La Salle,12,13,La Salle,Region_4,0.32802711983965144,La Salle,1,ml_gradient_boost
2013,R32,Arizona,Harvard,6,14,Arizona,Region_4,0.8213907295908767,Arizona,1,ml_gradient_boost
2013,R32,Iowa State,Ohio State,10,2,Ohio State,Region_4,0.1727091156110215,Ohio State,1,ml_gradient_boost
2013,S16,Wichita State,La Salle,9,13,Wichita State,Region_4,0.7764454265625272,Wichita State,1,ml_gradient_boost
2013,S16,Arizona,Ohio State,6,2,Ohio State,Region_4,0.7511718075219653,Arizona,0,ml_gradient_boost
2013,E8,Wichita State,Ohio State,9,2,Wichita State,Region_4,0.6358697892205832,Wichita State,1,ml_gradient_boost
2013,F4,Syracuse,Michigan,4,4,Michigan,Final Four,0.02527858491062902,Michigan,1,ml_gradient_boost
2013,F4,Louisville,Wichita State,1,9,Louisville,Final Four,0.9455551806709879,Louisville,1,ml_gradient_boost
2013,Championship,Michigan,Louisville,4,1,Louisville,Final Four,0.39593725540935953,Louisville,1,ml_gradient_boost
2014,R64,Virginia,Coastal Carolina,1,16,Virginia,Region_1,0.9901354093005612,Virginia,1,ml_gradient_boost
2014,R64,Memphis,George Washington,8,9,Memphis,Region_1,0.763241077872283,Memphis,1,ml_gradient_boost
2014,R64,Cincinnati,Harvard,5,12,Harvard,Region_1,0.8390092369709746,Cincinnati,0,ml_gradient_boost
2014,R64,Michigan State,Delaware,4,13,Michigan State,Region_1,0.8380152007606093,Michigan State,1,ml_gradient_boost
2014,R64,UNC,Providence,6,11,UNC,Region_1,0.6650845068006827,UNC,1,ml_gradient_boost
2014,R64,Iowa State,North Carolina Central,3,14,Iowa State,Region_1,0.9734345786003775,Iowa State,1,ml_gradient_boost
2014,R64,Villanova,Milwaukee,2,15,Villanova,Region_1,0.9734337726522735,Villanova,1,ml_gradient_boost
2014,R32,Virginia,Memphis,1,8,Virginia,Region_1,0.8241995496095855,Virginia,1,ml_gradient_boost
2014,R32,Harvard,Michigan State,12,4,Michigan State,Region_1,0.013828874169397433,Michigan State,1,ml_gradient_boost
2014,R32,UNC,Iowa State,6,3,Iowa State,Region_1,0.11440717823359177,Iowa State,1,ml_gradient_boost
2014,R32,UConn,Villanova,7,2,UConn,Region_1,0.9628294253419386,UConn,1,ml_gradient_boost
2014,S16,Virginia,Michigan State,1,4,Michigan State,Region_1,0.1080784471435138,Michigan State,1,ml_gradient_boost
2014,S16,Iowa State,UConn,3,7,UConn,Region_1,0.3709413971073207,UConn,1,ml_gradient_boost
2014,E8,Michigan State,UConn,4,7,UConn,Region_1,0.2814676634875931,UConn,1,ml_gradient_boost
2014,R64,Wichita State,Cal Poly,1,16,Wichita State,Region_2,0.9703233320560486,Wichita State,1,ml_gradient_boost
2014,R64,Kentucky,Kansas State,8,9,Kentucky,Region_2,0.9454985856821976,Kentucky,1,ml_gradient_boost
2014,R64,Saint Louis,NC State,5,12,Saint Louis,Region_2,0.16279970362228724,NC State,0,ml_gradient_boost
2014,R64,Louisville,Manhattan,4,13,Louisville,Region_2,0.5852483099114315,Louisville,1,ml_gradient_boost
2014,R64,Duke,Mercer,3,14,Mercer,Region_2,0.970289424743441,Duke,0,ml_gradient_boost
2014,R64,Texas,Arizona State,7,10,Texas,Region_2,0.8532463114278963,Texas,1,ml_gradient_boost
2014,R64,Michigan,Wofford,2,15,Michigan,Region_2,0.9889963276186915,Michigan,1,ml_gradient_boost
2014,R32,Wichita State,Kentucky,1,8,Kentucky,Region_2,0.3800705529114573,Kentucky,1,ml_gradient_boost
2014,R32,Saint Louis,Louisville,5,4,Louisville,Region_2,0.028282423272916753,Louisville,1,ml_gradient_boost
2014,R32,Tennessee,Mercer,11,14,Tennessee,Region_2,0.9751677195083477,Tennessee,1,ml_gradient_boost
2014,R32,Texas,Michigan,7,2,Michigan,Region_2,0.39808330109578477,Michigan,1,ml_gradient_boost
2014,S16,Kentucky,Louisville,8,4,Kentucky,Region_2,0.03360294415245679,Louisville,0,ml_gradient_boost
2014,S16,Tennessee,Michigan,11,2,Michigan,Region_2,0.6068710728170758,Tennessee,0,ml_gradient_boost
2014,E8,Kentucky,Michigan,8,2,Kentucky,Region_2,0.7352076094096057,Kentucky,1,ml_gradient_boost
2014,R64,Florida,Albany (NY),1,16,Florida,Region_3,0.9923056821678194,Florida,1,ml_gradient_boost
2014,R64,Colorado,Pitt,8,9,Pitt,Region_3,0.009917482604842967,Pitt,1,ml_gradient_boost
2014,R64,VCU,Stephen F. Austin,5,12,Stephen F. Austin,Region_3,0.7362906406439522,VCU,0,ml_gradient_boost
2014,R64,UCLA,Tulsa,4,13,UCLA,Region_3,0.936633536943085,UCLA,1,ml_gradient_boost
2014,R64,Ohio State,Dayton,6,11,Dayton,Region_3,0.8616537768795351,Ohio State,0,ml_gradient_boost
2014,R64,Syracuse,Western Michigan,3,14,Syracuse,Region_3,0.8388162497445222,Syracuse,1,ml_gradient_boost
2014,R64,New Mexico,Stanford,7,10,Stanford,Region_3,0.11618617920694112,Stanford,1,ml_gradient_boost
2014,R64,Kansas,Eastern Kentucky,2,15,Kansas,Region_3,0.9853906465814034,Kansas,1,ml_gradient_boost
2014,R32,Florida,Pitt,1,9,Florida,Region_3,0.5945248199377082,Florida,1,ml_gradient_boost
2014,R32,Stephen F. Austin,UCLA,12,4,UCLA,Region_3,0.03037599919458086,UCLA,1,ml_gradient_boost
2014,R32,Dayton,Syracuse,11,3,Dayton,Region_3,0.6931907628605046,Dayton,1,ml_gradient_boost
2014,R32,Stanford,Kansas,10,2,Stanford,Region_3,0.2106807586350602,Kansas,0,ml_gradient_boost
2014,S16,Florida,UCLA,1,4,Florida,Region_3,0.6420547630279101,Florida,1,ml_gradient_boost
2014,S16,Dayton,Stanford,11,10,Dayton,Region_3,0.527351861783282,Dayton,1,ml_gradient_boost
2014,E8,Florida,Dayton,1,11,Florida,Region_3,0.9606674348556165,Florida,1,ml_gradient_boost
2014,R64,Arizona,Weber State,1,16,Arizona,Region_4,0.9919311411935602,Arizona,1,ml_gradient_boost
2014,R64,Gonzaga,Oklahoma State,8,9,Gonzaga,Region_4,0.7597574562552002,Gonzaga,1,ml_gradient_boost
2014,R64,Oklahoma,North Dakota State,5,12,North Dakota State,Region_4,0.6757820774120257,Oklahoma,0,ml_gradient_boost
2014,R64,San Diego State,New Mexico State,4,13,San Diego State,Region_4,0.8631334152367613,San Diego State,1,ml_gradient_boost
2014,R64,Baylor,Nebraska,6,11,Baylor,Region_4,0.9464089783372267,Baylor,1,ml_gradient_boost
2014,R64,Creighton,Louisiana,3,14,Creighton,Region_4,0.932364786359953,Creighton,1,ml_gradient_boost
2014,R64,Wisconsin,American,2,15,Wisconsin,Region_4,0.9944988056288592,Wisconsin,1,ml_gradient_boost
2014,R32,Arizona,Gonzaga,1,8,Arizona,Region_4,0.7930357262784394,Arizona,1,ml_gradient_boost
2014,R32,North Dakota State,San Diego State,12,4,San Diego State,Region_4,0.568916301346546,North Dakota State,0,ml_gradient_boost
2014,R32,Baylor,Creighton,6,3,Baylor,Region_4,0.21697812658115054,Creighton,0,ml_gradient_boost
2014,R32,Oregon,Wisconsin,7,2,Wisconsin,Region_4,0.03493818302392576,Wisconsin,1,ml_gradient_boost
2014,S16,Arizona,San Diego State,1,4,Arizona,Region_4,0.9746042312063002,Arizona,1,ml_gradient_boost
2014,S16,Baylor,Wisconsin,6,2,Wisconsin,Region_4,0.2210815643577611,Wisconsin,1,ml_gradient_boost
2014,E8,Arizona,Wisconsin,1,2,Wisconsin,Region_4,0.6781537191111696,Arizona,0,ml_gradient_boost
2014,F4,UConn,Florida,7,1,UConn,Final Four,0.2914768877964107,Florida,0,ml_gradient_boost
2014,F4,Kentucky,Wisconsin,8,2,Kentucky,Final Four,0.4526435870931767,Wisconsin,0,ml_gradient_boost
2014,Championship,UConn,Kentucky,7,8,UConn,Final Four,0.6012191803998745,UConn,1,ml_gradient_boost
2015,R64,Villanova,Lafayette,1,16,Villanova,Region_1,0.9882921064445576,Villanova,1,ml_gradient_boost
2015,R64,NC State,LSU,8,9,NC State,Region_1,0.9503670495965931,NC State,1,ml_gradient_boost
2015,R64,Northern Iowa,Wyoming,5,12,Northern Iowa,Region_1,0.903057433023176,Northern Iowa,1,ml_gradient_boost
2015,R64,Louisville,UC-Irvine,4,13,Louisville,Region_1,0.9529502582583174,Louisville,1,ml_gradient_boost
2015,R64,Providence,Dayton,6,11,Dayton,Region_1,0.22370705455608197,Dayton,1,ml_gradient_boost
2015,R64,Oklahoma,Albany (NY),3,14,Oklahoma,Region_1,0.9753956846375695,Oklahoma,1,ml_gradient_boost
2015,R64,Michigan State,Georgia,7,10,Michigan State,Region_1,0.7114874304379103,Michigan State,1,ml_gradient_boost
2015,R64,Virginia,Belmont,2,15,Virginia,Region_1,0.995882112415191,Virginia,1,ml_gradient_boost
2015,R32,Villanova,NC State,1,8,NC State,Region_1,0.9464164244823902,Villanova,0,ml_gradient_boost
2015,R32,Northern Iowa,Louisville,5,4,Louisville,Region_1,0.09518139119945176,Louisville,1,ml_gradient_boost
2015,R32,Dayton,Oklahoma,11,3,Oklahoma,Region_1,0.10036367222462195,Oklahoma,1,ml_gradient_boost
2015,R32,Michigan State,Virginia,7,2,Michigan State,Region_1,0.10963662639366553,Virginia,0,ml_gradient_boost
2015,S16,NC State,Louisville,8,4,Louisville,Region_1,0.35097308514559794,Louisville,1,ml_gradient_boost
2015,S16,Oklahoma,Michigan State,3,7,Michigan State,Region_1,0.3413226586666016,Michigan State,1,ml_gradient_boost
2015,E8,Louisville,Michigan State,4,7,Michigan State,Region_1,0.5921153377131203,Louisville,0,ml_gradient_boost
2015,R64,Kentucky,Hampton,1,16,Kentucky,Region_2,0.9927279134103084,Kentucky,1,ml_gradient_boost
2015,R64,Cincinnati,Purdue,8,9,Cincinnati,Region_2,0.13609845439571205,Purdue,0,ml_gradient_boost
2015,R64,West Virginia,Buffalo,5,12,West Virginia,Region_2,0.8113747350996894,West Virginia,1,ml_gradient_boost
2015,R64,Maryland,Valparaiso,4,13,Maryland,Region_2,0.6079656598687683,Maryland,1,ml_gradient_boost
2015,R64,Butler,Texas,6,11,Butler,Region_2,0.3054543643472791,Texas,0,ml_gradient_boost
2015,R64,Notre Dame,Northeastern,3,14,Notre Dame,Region_2,0.9754818347793003,Notre Dame,1,ml_gradient_boost
2015,R64,Wichita State,Indiana,7,10,Wichita State,Region_2,0.9769184626753077,Wichita State,1,ml_gradient_boost
2015,R64,Kansas,New Mexico State,2,15,Kansas,Region_2,0.9612375500269814,Kansas,1,ml_gradient_boost
2015,R32,Kentucky,Cincinnati,1,8,Kentucky,Region_2,0.9799913633335484,Kentucky,1,ml_gradient_boost
2015,R32,West Virginia,Maryland,5,4,West Virginia,Region_2,0.40317906162341405,Maryland,0,ml_gradient_boost
2015,R32,Butler,Notre Dame,6,3,Notre Dame,Region_2,0.18565292675115144,Notre Dame,1,ml_gradient_boost
2015,R32,Wichita State,Kansas,7,2,Wichita State,Region_2,0.1453396574285997,Kansas,0,ml_gradient_boost
2015,S16,Kentucky,West Virginia,1,5,Kentucky,Region_2,0.9917043169072108,Kentucky,1,ml_gradient_boost
2015,S16,Notre Dame,Wichita State,3,7,Notre Dame,Region_2,0.578080399814883,Notre Dame,1,ml_gradient_boost
2015,E8,Kentucky,Notre Dame,1,3,Kentucky,Region_2,0.9779187147113815,Kentucky,1,ml_gradient_boost
2015,R64,Duke,Robert Morris,1,16,Duke,Region_3,0.9915512156332646,Duke,1,ml_gradient_boost
2015,R64,San Diego State,St. John's (NY),8,9,San Diego State,Region_3,0.2079032284619324,St. John's (NY),0,ml_gradient_boost
2015,R64,Utah,Stephen F. Austin,5,12,Utah,Region_3,0.9406018235086866,Utah,1,ml_gradient_boost
2015,R64,Georgetown,Eastern Washington,4,13,Georgetown,Region_3,0.9790807774031699,Georgetown,1,ml_gradient_boost
2015,R64,SMU,UCLA,6,11,UCLA,Region_3,0.7120974673717947,SMU,0,ml_gradient_boost
2015,R64,Iowa State,UAB,3,14,UAB,Region_3,0.9661396494716613,Iowa State,0,ml_gradient_boost
2015,R64,Iowa,Davidson,7,10,Iowa,Region_3,0.3963699549397347,Davidson,0,ml_gradient_boost
2015,R64,Gonzaga,North Dakota State,2,15,Gonzaga,Region_3,0.9788643376676684,Gonzaga,1,ml_gradient_boost
2015,R32,Duke,San Diego State,1,8,Duke,Region_3,0.848286188160251,Duke,1,ml_gradient_boost
2015,R32,Utah,Georgetown,5,4,Utah,Region_3,0.2973110903054177,Georgetown,0,ml_gradient_boost
2015,R32,UCLA,UAB,11,14,UCLA,Region_3,0.957890760967959,UCLA,1,ml_gradient_boost
2015,R32,Iowa,Gonzaga,7,2,Gonzaga,Region_3,0.07085112738248173,Gonzaga,1,ml_gradient_boost
2015,S16,Duke,Utah,1,5,Duke,Region_3,0.8776054852747082,Duke,1,ml_gradient_boost
2015,S16,UCLA,Gonzaga,11,2,Gonzaga,Region_3,0.009074263059321087,Gonzaga,1,ml_gradient_boost
2015,E8,Duke,Gonzaga,1,2,Duke,Region_3,0.5915093324668773,Duke,1,ml_gradient_boost
2015,R64,Wisconsin,Coastal Carolina,1,16,Wisconsin,Region_4,0.9918988421207183,Wisconsin,1,ml_gradient_boost
2015,R64,Oregon,Oklahoma State,8,9,Oregon,Region_4,0.9807605946142804,Oregon,1,ml_gradient_boost
2015,R64,Arkansas,Wofford,5,12,Arkansas,Region_4,0.20316755801383046,Wofford,0,ml_gradient_boost
2015,R64,UNC,Harvard,4,13,UNC,Region_4,0.8563611304430973,UNC,1,ml_gradient_boost
2015,R64,Xavier,Ole Miss,6,11,Xavier,Region_4,0.7789833580043941,Xavier,1,ml_gradient_boost
2015,R64,Baylor,Georgia State,3,14,Georgia State,Region_4,0.9704822222074017,Baylor,0,ml_gradient_boost
2015,R64,VCU,Ohio State,7,10,Ohio State,Region_4,0.24595893008693728,Ohio State,1,ml_gradient_boost
2015,R64,Arizona,Texas Southern,2,15,Arizona,Region_4,0.986561636239606,Arizona,1,ml_gradient_boost
2015,R32,Wisconsin,Oregon,1,8,Wisconsin,Region_4,0.9848953971107813,Wisconsin,1,ml_gradient_boost
2015,R32,Arkansas,UNC,5,4,UNC,Region_4,0.04626966016597082,UNC,1,ml_gradient_boost
2015,R32,Xavier,Georgia State,6,14,Xavier,Region_4,0.8479692169704526,Xavier,1,ml_gradient_boost
2015,R32,Ohio State,Arizona,10,2,Arizona,Region_4,0.1927593688533587,Arizona,1,ml_gradient_boost
2015,S16,Wisconsin,UNC,1,4,Wisconsin,Region_4,0.9894687038727226,Wisconsin,1,ml_gradient_boost
2015,S16,Xavier,Arizona,6,2,Arizona,Region_4,0.006103571101792112,Arizona,1,ml_gradient_boost
2015,E8,Wisconsin,Arizona,1,2,Wisconsin,Region_4,0.7875668316178098,Wisconsin,1,ml_gradient_boost
2015,F4,Michigan State,Duke,7,1,Duke,Final Four,0.136913280562755,Duke,1,ml_gradient_boost
2015,F4,Kentucky,Wisconsin,1,1,Wisconsin,Final Four,0.8083142568757581,Kentucky,0,ml_gradient_boost
2015,Championship,Duke,Wisconsin,1,1,Duke,Final Four,0.23270338629830395,Wisconsin,0,ml_gradient_boost
2016,R64,UNC,Florida Gulf Coast,1,16,UNC,Region_1,0.9910654221881294,UNC,1,ml_gradient_boost
2016,R64,Indiana,Chattanooga,5,12,Indiana,Region_1,0.9311920030006465,Indiana,1,ml_gradient_boost
2016,R64,Kentucky,Stony Brook,4,13,Kentucky,Region_1,0.9668550145142449,Kentucky,1,ml_gradient_boost
2016,R64,Notre Dame,Michigan,6,11,Notre Dame,Region_1,0.5649826381679542,Notre Dame,1,ml_gradient_boost
2016,R64,West Virginia,Stephen F. Austin,3,14,Stephen F. Austin,Region_1,0.9770213657010046,West Virginia,0,ml_gradient_boost
2016,R64,Wisconsin,Pitt,7,10,Wisconsin,Region_1,0.5941965975358923,Wisconsin,1,ml_gradient_boost
2016,R64,Xavier,Weber State,2,15,Xavier,Region_1,0.9064173392857434,Xavier,1,ml_gradient_boost
2016,R32,UNC,Providence,1,9,UNC,Region_1,0.9809383623031286,UNC,1,ml_gradient_boost
2016,R32,Indiana,Kentucky,5,4,Indiana,Region_1,0.30645414081995004,Kentucky,0,ml_gradient_boost
2016,R32,Notre Dame,Stephen F. Austin,6,14,Notre Dame,Region_1,0.28127079088587187,Stephen F. Austin,0,ml_gradient_boost
2016,R32,Wisconsin,Xavier,7,2,Wisconsin,Region_1,0.08179252213477228,Xavier,0,ml_gradient_boost
2016,S16,UNC,Indiana,1,5,UNC,Region_1,0.9113891167539597,UNC,1,ml_gradient_boost
2016,S16,Notre Dame,Wisconsin,6,7,Notre Dame,Region_1,0.34315888540712525,Wisconsin,0,ml_gradient_boost
2016,E8,UNC,Notre Dame,1,6,UNC,Region_1,0.8860905653252406,UNC,1,ml_gradient_boost
2016,R64,Virginia,Hampton,1,16,Virginia,Region_2,0.9682597082508332,Virginia,1,ml_gradient_boost
2016,R64,Texas Tech,Butler,8,9,Butler,Region_2,0.7068235913233282,Texas Tech,0,ml_gradient_boost
2016,R64,Purdue,Little Rock,5,12,Little Rock,Region_2,0.6956149661459398,Purdue,0,ml_gradient_boost
2016,R64,Iowa State,Iona,4,13,Iowa State,Region_2,0.9628330883058472,Iowa State,1,ml_gradient_boost
2016,R64,Seton Hall,Gonzaga,6,11,Gonzaga,Region_2,0.3636752626623455,Gonzaga,1,ml_gradient_boost
2016,R64,Utah,Fresno State,3,14,Utah,Region_2,0.8498219271715955,Utah,1,ml_gradient_boost
2016,R64,Dayton,Syracuse,7,10,Syracuse,Region_2,0.25994231469782886,Syracuse,1,ml_gradient_boost
2016,R64,Michigan State,Middle Tennessee,2,15,Middle Tennessee,Region_2,0.9651834866358907,Michigan State,0,ml_gradient_boost
2016,R32,Virginia,Butler,1,9,Virginia,Region_2,0.890403056302959,Virginia,1,ml_gradient_boost
2016,R32,Little Rock,Iowa State,12,4,Iowa State,Region_2,0.13665370648771702,Iowa State,1,ml_gradient_boost
2016,R32,Gonzaga,Utah,11,3,Gonzaga,Region_2,0.23387604608408624,Utah,0,ml_gradient_boost
2016,R32,Syracuse,Middle Tennessee,10,15,Syracuse,Region_2,0.8683124317061198,Syracuse,1,ml_gradient_boost
2016,S16,Virginia,Iowa State,1,4,Virginia,Region_2,0.7532507883744102,Virginia,1,ml_gradient_boost
2016,S16,Gonzaga,Syracuse,11,10,Syracuse,Region_2,0.9585321897353033,Gonzaga,0,ml_gradient_boost
2016,E8,Virginia,Syracuse,1,10,Syracuse,Region_2,0.8184293300313696,Virginia,0,ml_gradient_boost
2016,R64,Kansas,Austin Peay,1,16,Kansas,Region_3,0.9920952990092479,Kansas,1,ml_gradient_boost
2016,R64,Colorado,UConn,8,9,UConn,Region_3,0.4855229992872842,UConn,1,ml_gradient_boost
2016,R64,Maryland,South Dakota State,5,12,Maryland,Region_3,0.9424226436129317,Maryland,1,ml_gradient_boost
2016,R64,California,Hawaii,4,13,Hawaii,Region_3,0.5948653446775202,California,0,ml_gradient_boost
2016,R64,Arizona,Wichita State,6,11,Wichita State,Region_3,0.24044957821652957,Wichita State,1,ml_gradient_boost
2016,R64,Miami (FL),Buffalo,3,14,Miami (FL),Region_3,0.9861151996538672,Miami (FL),1,ml_gradient_boost
2016,R64,Iowa,Temple,7,10,Iowa,Region_3,0.8901201818686492,Iowa,1,ml_gradient_boost
2016,R64,Villanova,UNC Asheville,2,15,Villanova,Region_3,0.9905542646790141,Villanova,1,ml_gradient_boost
2016,R32,Kansas,UConn,1,9,Kansas,Region_3,0.9631884032010845,Kansas,1,ml_gradient_boost
2016,R32,Maryland,Hawaii,5,13,Maryland,Region_3,0.8712668858744959,Maryland,1,ml_gradient_boost
2016,R32,Wichita State,Miami (FL),11,3,Miami (FL),Region_3,0.03950707329816966,Miami (FL),1,ml_gradient_boost
2016,R32,Iowa,Villanova,7,2,Villanova,Region_3,0.053431931578200066,Villanova,1,ml_gradient_boost
2016,S16,Kansas,Maryland,1,5,Kansas,Region_3,0.9070826653186977,Kansas,1,ml_gradient_boost
2016,S16,Miami (FL),Villanova,3,2,Villanova,Region_3,0.14895760921786427,Villanova,1,ml_gradient_boost
2016,E8,Kansas,Villanova,1,2,Villanova,Region_3,0.7998454599414886,Kansas,0,ml_gradient_boost
2016,R64,Oregon,Holy Cross,1,16,Oregon,Region_4,0.9909209404511446,Oregon,1,ml_gradient_boost
2016,R64,Baylor,Yale,5,12,Yale,Region_4,0.9308965593425057,Baylor,0,ml_gradient_boost
2016,R64,Duke,UNC Wilmington,4,13,Duke,Region_4,0.9605591984174511,Duke,1,ml_gradient_boost
2016,R64,Texas,Northern Iowa,6,11,Northern Iowa,Region_4,0.5133607438748452,Texas,0,ml_gradient_boost
2016,R64,Texas A&M,Green Bay,3,14,Texas A&M,Region_4,0.9700639648084776,Texas A&M,1,ml_gradient_boost
2016,R64,Oregon State,VCU,7,10,VCU,Region_4,0.4307754929374973,VCU,1,ml_gradient_boost
2016,R64,Oklahoma,Cal State Bakersfield,2,15,Oklahoma,Region_4,0.9813487914839053,Oklahoma,1,ml_gradient_boost
2016,R32,Yale,Duke,12,4,Duke,Region_4,0.03323375656287439,Duke,1,ml_gradient_boost
2016,R32,Northern Iowa,Texas A&M,11,3,Texas A&M,Region_4,0.12833378695483355,Texas A&M,1,ml_gradient_boost
2016,R32,VCU,Oklahoma,10,2,Oklahoma,Region_4,0.029236049285543814,Oklahoma,1,ml_gradient_boost
2016,S16,Oregon,Duke,1,4,Oregon,Region_4,0.05050100272609633,Duke,0,ml_gradient_boost
2016,S16,Texas A&M,Oklahoma,3,2,Oklahoma,Region_4,0.06360393881483872,Oklahoma,1,ml_gradient_boost
2016,E8,Oregon,Oklahoma,1,2,Oklahoma,Region_4,0.13205908425791335,Oklahoma,1,ml_gradient_boost
2016,F4,UNC,Syracuse,1,10,UNC,Final Four,0.9668676879107283,UNC,1,ml_gradient_boost
2016,F4,Villanova,Oklahoma,2,2,Villanova,Final Four,0.5172882158068034,Villanova,1,ml_gradient_boost
2016,Championship,UNC,Villanova,1,2,Villanova,Final Four,0.10352237100440514,Villanova,1,ml_gradient_boost
2017,R64,Villanova,Mount St. Mary's,1,16,Villanova,Region_1,0.9922164755691065,Villanova,1,ml_gradient_boost
2017,R64,Wisconsin,Virginia Tech,8,9,Wisconsin,Region_1,0.9667520904375216,Wisconsin,1,ml_gradient_boost
2017,R64,Virginia,UNC Wilmington,5,12,Virginia,Region_1,0.8298253925707123,Virginia,1,ml_gradient_boost
2017,R64,Florida,ETSU,4,13,Florida,Region_1,0.9514895480362007,Florida,1,ml_gradient_boost
2017,R64,Baylor,New Mexico State,3,14,Baylor,Region_1,0.9498473583742209,Baylor,1,ml_gradient_boost
2017,R64,South Carolina,Marquette,7,10,South Carolina,Region_1,0.7948658825050201,South Carolina,1,ml_gradient_boost
2017,R64,Duke,Troy,2,15,Duke,Region_1,0.9867300397815387,Duke,1,ml_gradient_boost
2017,R32,Villanova,Wisconsin,1,8,Wisconsin,Region_1,0.5021426435776415,Villanova,0,ml_gradient_boost
2017,R32,Virginia,Florida,5,4,Florida,Region_1,0.45130175765616315,Florida,1,ml_gradient_boost
2017,R32,South Carolina,Duke,7,2,South Carolina,Region_1,0.5726840577837291,South Carolina,1,ml_gradient_boost
2017,S16,Wisconsin,Florida,8,4,Florida,Region_1,0.14861639016372613,Florida,1,ml_gradient_boost
2017,S16,Baylor,South Carolina,3,7,South Carolina,Region_1,0.9012948661004156,Baylor,0,ml_gradient_boost
2017,E8,Florida,South Carolina,4,7,South Carolina,Region_1,0.44273114870086444,South Carolina,1,ml_gradient_boost
2017,R64,Kansas,UC-Davis,1,16,Kansas,Region_2,0.9956830898986713,Kansas,1,ml_gradient_boost
2017,R64,Miami (FL),Michigan State,8,9,Michigan State,Region_2,0.8239477464840061,Miami (FL),0,ml_gradient_boost
2017,R64,Iowa State,Nevada,5,12,Iowa State,Region_2,0.467621135127255,Nevada,0,ml_gradient_boost
2017,R64,Purdue,Vermont,4,13,Purdue,Region_2,0.9380955896645167,Purdue,1,ml_gradient_boost
2017,R64,Creighton,Rhode Island,6,11,Rhode Island,Region_2,0.3586719876445172,Rhode Island,1,ml_gradient_boost
2017,R64,Oregon,Iona,3,14,Oregon,Region_2,0.9845358815747732,Oregon,1,ml_gradient_boost
2017,R64,Michigan,Oklahoma State,7,10,Michigan,Region_2,0.6417581881719768,Michigan,1,ml_gradient_boost
2017,R64,Louisville,Jacksonville State,2,15,Louisville,Region_2,0.9828144282447006,Louisville,1,ml_gradient_boost
2017,R32,Kansas,Michigan State,1,9,Kansas,Region_2,0.9849922915990144,Kansas,1,ml_gradient_boost
2017,R32,Iowa State,Purdue,5,4,Purdue,Region_2,0.8865589177497346,Iowa State,0,ml_gradient_boost
2017,R32,Rhode Island,Oregon,11,3,Oregon,Region_2,0.1383799507007895,Oregon,1,ml_gradient_boost
2017,R32,Michigan,Louisville,7,2,Michigan,Region_2,0.5016767548227451,Michigan,1,ml_gradient_boost
2017,S16,Kansas,Purdue,1,4,Kansas,Region_2,0.995241213334118,Kansas,1,ml_gradient_boost
2017,S16,Oregon,Michigan,3,7,Oregon,Region_2,0.8593703685020062,Oregon,1,ml_gradient_boost
2017,E8,Kansas,Oregon,1,3,Oregon,Region_2,0.9251021964454009,Kansas,0,ml_gradient_boost
2017,R64,UNC,Texas Southern,1,16,UNC,Region_3,0.9836349321786448,UNC,1,ml_gradient_boost
2017,R64,Arkansas,Seton Hall,8,9,Arkansas,Region_3,0.5563229436740386,Arkansas,1,ml_gradient_boost
2017,R64,Minnesota,Middle Tennessee,5,12,Middle Tennessee,Region_3,0.7267975454547423,Minnesota,0,ml_gradient_boost
2017,R64,Butler,Winthrop,4,13,Butler,Region_3,0.9617514345454871,Butler,1,ml_gradient_boost
2017,R64,Cincinnati,Kansas State,6,11,Cincinnati,Region_3,0.8211266003403627,Cincinnati,1,ml_gradient_boost
2017,R64,UCLA,Kent State,3,14,UCLA,Region_3,0.9888532397195978,UCLA,1,ml_gradient_boost
2017,R64,Dayton,Wichita State,7,10,Wichita State,Region_3,0.029693715151583994,Wichita State,1,ml_gradient_boost
2017,R64,Kentucky,Northern Kentucky,2,15,Kentucky,Region_3,0.9877367703063917,Kentucky,1,ml_gradient_boost
2017,R32,UNC,Arkansas,1,8,UNC,Region_3,0.911852681269521,UNC,1,ml_gradient_boost
2017,R32,Middle Tennessee,Butler,12,4,Butler,Region_3,0.18791255437128257,Butler,1,ml_gradient_boost
2017,R32,Cincinnati,UCLA,6,3,UCLA,Region_3,0.8108889836689491,Cincinnati,0,ml_gradient_boost
2017,R32,Wichita State,Kentucky,10,2,Kentucky,Region_3,0.22093988071534268,Kentucky,1,ml_gradient_boost
2017,S16,UNC,Butler,1,4,UNC,Region_3,0.9023974600868249,UNC,1,ml_gradient_boost
2017,S16,UCLA,Kentucky,3,2,Kentucky,Region_3,0.014886759561034002,Kentucky,1,ml_gradient_boost
2017,E8,UNC,Kentucky,1,2,UNC,Region_3,0.17482236105172688,Kentucky,0,ml_gradient_boost
2017,R64,Gonzaga,South Dakota State,1,16,Gonzaga,Region_4,0.9897859793952523,Gonzaga,1,ml_gradient_boost
2017,R64,Northwestern,Vanderbilt,8,9,Northwestern,Region_4,0.2367816783002632,Vanderbilt,0,ml_gradient_boost
2017,R64,Notre Dame,Princeton,5,12,Notre Dame,Region_4,0.9416446483146248,Notre Dame,1,ml_gradient_boost
2017,R64,West Virginia,Bucknell,4,13,West Virginia,Region_4,0.9441298164036522,West Virginia,1,ml_gradient_boost
2017,R64,Maryland,Xavier,6,11,Xavier,Region_4,0.07826429800235028,Xavier,1,ml_gradient_boost
2017,R64,Florida State,Florida Gulf Coast,3,14,Florida State,Region_4,0.9578004481331098,Florida State,1,ml_gradient_boost
2017,R64,Arizona,North Dakota,2,15,Arizona,Region_4,0.9801794382129997,Arizona,1,ml_gradient_boost
2017,R32,Gonzaga,Northwestern,1,8,Gonzaga,Region_4,0.9854669991571368,Gonzaga,1,ml_gradient_boost
2017,R32,Notre Dame,West Virginia,5,4,West Virginia,Region_4,0.022608089843493495,West Virginia,1,ml_gradient_boost
2017,R32,Xavier,Florida State,11,3,Xavier,Region_4,0.7724963036911776,Xavier,1,ml_gradient_boost
2017,S16,Gonzaga,West Virginia,1,4,Gonzaga,Region_4,0.7870793047602666,Gonzaga,1,ml_gradient_boost
2017,S16,Xavier,Arizona,11,2,Xavier,Region_4,0.25441440725609055,Arizona,0,ml_gradient_boost
2017,E8,Gonzaga,Xavier,1,11,Gonzaga,Region_4,0.975565481306082,Gonzaga,1,ml_gradient_boost
2017,F4,South Carolina,Gonzaga,7,1,Gonzaga,Final Four,0.0153416039244778,Gonzaga,1,ml_gradient_boost
2017,F4,Oregon,UNC,3,1,UNC,Final Four,0.18362679000993115,UNC,1,ml_gradient_boost
2017,Championship,Gonzaga,UNC,1,1,UNC,Final Four,0.9594498048915168,Gonzaga,0,ml_gradient_boost
2018,R64,Villanova,Radford,1,16,Villanova,Region_1,0.8877269704624031,Villanova,1,ml_gradient_boost
2018,R64,Virginia Tech,Alabama,8,9,Alabama,Region_1,0.028990588739707415,Alabama,1,ml_gradient_boost
2018,R64,West Virginia,Murray State,5,12,West Virginia,Region_1,0.794882440611193,West Virginia,1,ml_gradient_boost
2018,R64,Wichita State,Marshall,4,13,Marshall,Region_1,0.880356459761653,Wichita State,0,ml_gradient_boost
2018,R64,Florida,St. Bonaventure,6,11,Florida,Region_1,0.43149430140757367,St. Bonaventure,0,ml_gradient_boost
2018,R64,Texas Tech,Stephen F. Austin,3,14,Texas Tech,Region_1,0.9869089272738361,Texas Tech,1,ml_gradient_boost
2018,R64,Arkansas,Butler,7,10,Butler,Region_1,0.621422734771838,Arkansas,0,ml_gradient_boost
2018,R64,Purdue,Cal State Fullerton,2,15,Purdue,Region_1,0.9892423429656285,Purdue,1,ml_gradient_boost
2018,R32,Villanova,Alabama,1,9,Villanova,Region_1,0.9817261021705355,Villanova,1,ml_gradient_boost
2018,R32,West Virginia,Marshall,5,13,West Virginia,Region_1,0.5945675557212865,West Virginia,1,ml_gradient_boost
2018,R32,Florida,Texas Tech,6,3,Texas Tech,Region_1,0.25332280195662643,Texas Tech,1,ml_gradient_boost
2018,R32,Butler,Purdue,10,2,Purdue,Region_1,0.3110333176805736,Purdue,1,ml_gradient_boost
2018,S16,Villanova,West Virginia,1,5,Villanova,Region_1,0.9305194427071268,Villanova,1,ml_gradient_boost
2018,S16,Texas Tech,Purdue,3,2,Texas Tech,Region_1,0.023924142187465487,Purdue,0,ml_gradient_boost
2018,E8,Villanova,Texas Tech,1,3,Villanova,Region_1,0.9920991905142652,Villanova,1,ml_gradient_boost
2018,R64,Seton Hall,NC State,8,9,Seton Hall,Region_2,0.9593160717452089,Seton Hall,1,ml_gradient_boost
2018,R64,Clemson,New Mexico State,5,12,Clemson,Region_2,0.6800715023676578,Clemson,1,ml_gradient_boost
2018,R64,Auburn,College of Charleston,4,13,Auburn,Region_2,0.5521089620864884,Auburn,1,ml_gradient_boost
2018,R64,TCU,Syracuse,6,11,Syracuse,Region_2,0.23576225482345692,Syracuse,1,ml_gradient_boost
2018,R64,Michigan State,Bucknell,3,14,Michigan State,Region_2,0.9680018399041314,Michigan State,1,ml_gradient_boost
2018,R64,Rhode Island,Oklahoma,7,10,Rhode Island,Region_2,0.9121617717565782,Rhode Island,1,ml_gradient_boost
2018,R64,Duke,Iona,2,15,Duke,Region_2,0.9892365456194628,Duke,1,ml_gradient_boost
2018,R32,Kansas,Seton Hall,1,8,Kansas,Region_2,0.8330336644699068,Kansas,1,ml_gradient_boost
2018,R32,Clemson,Auburn,5,4,Clemson,Region_2,0.5020543488176619,Clemson,1,ml_gradient_boost
2018,R32,Syracuse,Michigan State,11,3,Syracuse,Region_2,0.2254473143058992,Michigan State,0,ml_gradient_boost
2018,R32,Rhode Island,Duke,7,2,Duke,Region_2,0.24220167888383115,Duke,1,ml_gradient_boost
2018,S16,Kansas,Clemson,1,5,Kansas,Region_2,0.6106466457220341,Kansas,1,ml_gradient_boost
2018,S16,Syracuse,Duke,11,2,Duke,Region_2,0.06448095551475035,Duke,1,ml_gradient_boost
2018,E8,Kansas,Duke,1,2,Kansas,Region_2,0.45731492990454914,Duke,0,ml_gradient_boost
2018,R64,Creighton,Kansas State,8,9,Kansas State,Region_3,0.26249410012120555,Kansas State,1,ml_gradient_boost
2018,R64,Kentucky,Davidson,5,12,Kentucky,Region_3,0.9136632025836539,Kentucky,1,ml_gradient_boost
2018,R64,Arizona,Buffalo,4,13,Buffalo,Region_3,0.893753276750038,Arizona,0,ml_gradient_boost
2018,R64,Miami (FL),Loyola (IL),6,11,Loyola (IL),Region_3,0.12815174909262114,Loyola (IL),1,ml_gradient_boost
2018,R64,Tennessee,Wright State,3,14,Tennessee,Region_3,0.9750650540174229,Tennessee,1,ml_gradient_boost
2018,R64,Nevada,Texas,7,10,Nevada,Region_3,0.8496785191828252,Nevada,1,ml_gradient_boost
2018,R64,Cincinnati,Georgia State,2,15,Cincinnati,Region_3,0.9295500096885005,Cincinnati,1,ml_gradient_boost
2018,R32,Kentucky,Buffalo,5,13,Kentucky,Region_3,0.6456424222178092,Kentucky,1,ml_gradient_boost
2018,R32,Loyola (IL),Tennessee,11,3,Loyola (IL),Region_3,0.069112624705332,Tennessee,0,ml_gradient_boost
2018,R32,Nevada,Cincinnati,7,2,Nevada,Region_3,0.08165396601880137,Cincinnati,0,ml_gradient_boost
2018,S16,Kansas State,Kentucky,9,5,Kansas State,Region_3,0.713258726482525,Kansas State,1,ml_gradient_boost
2018,S16,Loyola (IL),Nevada,11,7,Loyola (IL),Region_3,0.8593954680003713,Loyola (IL),1,ml_gradient_boost
2018,E8,Kansas State,Loyola (IL),9,11,Loyola (IL),Region_3,0.6793535150947014,Kansas State,0,ml_gradient_boost
2018,R64,Xavier,Texas Southern,1,16,Xavier,Region_4,0.9900316419532209,Xavier,1,ml_gradient_boost
2018,R64,Missouri,Florida State,8,9,Florida State,Region_4,0.5487949734615042,Missouri,0,ml_gradient_boost
2018,R64,Ohio State,South Dakota State,5,12,Ohio State,Region_4,0.7754655880688017,Ohio State,1,ml_gradient_boost
2018,R64,Gonzaga,UNC Greensboro,4,13,Gonzaga,Region_4,0.9035141427813322,Gonzaga,1,ml_gradient_boost
2018,R64,Houston,San Diego State,6,11,Houston,Region_4,0.5432875932805218,Houston,1,ml_gradient_boost
2018,R64,Michigan,Montana,3,14,Michigan,Region_4,0.8961305605624813,Michigan,1,ml_gradient_boost
2018,R64,Texas A&M,Providence,7,10,Texas A&M,Region_4,0.7339072257161698,Texas A&M,1,ml_gradient_boost
2018,R64,UNC,Lipscomb,2,15,UNC,Region_4,0.9931277659227434,UNC,1,ml_gradient_boost
2018,R32,Xavier,Florida State,1,9,Florida State,Region_4,0.802203136518804,Xavier,0,ml_gradient_boost
2018,R32,Ohio State,Gonzaga,5,4,Gonzaga,Region_4,0.75941474006936,Ohio State,0,ml_gradient_boost
2018,R32,Houston,Michigan,6,3,Michigan,Region_4,0.044614301415142076,Michigan,1,ml_gradient_boost
2018,R32,Texas A&M,UNC,7,2,Texas A&M,Region_4,0.32491318846441636,UNC,0,ml_gradient_boost
2018,S16,Florida State,Gonzaga,9,4,Florida State,Region_4,0.6874268157768385,Florida State,1,ml_gradient_boost
2018,S16,Michigan,Texas A&M,3,7,Michigan,Region_4,0.7917872215309381,Michigan,1,ml_gradient_boost
2018,E8,Florida State,Michigan,9,3,Michigan,Region_4,0.39751810555053085,Michigan,1,ml_gradient_boost
2018,F4,Villanova,Kansas,1,1,Villanova,Final Four,0.18225222498786245,Kansas,0,ml_gradient_boost
2018,F4,Loyola (IL),Michigan,11,3,Michigan,Final Four,0.03824436245411023,Michigan,1,ml_gradient_boost
2018,Championship,Villanova,Michigan,1,3,Villanova,Final Four,0.8917660983758549,Villanova,1,ml_gradient_boost
2019,R64,Duke,North Dakota State,1,16,Duke,Region_1,0.991300546395918,Duke,1,ml_gradient_boost
2019,R64,VCU,UCF,8,9,UCF,Region_1,0.3455536755614072,UCF,1,ml_gradient_boost
2019,R64,Mississippi State,Liberty,5,12,Liberty,Region_1,0.9420677043920865,Mississippi State,0,ml_gradient_boost
2019,R64,Virginia Tech,Saint Louis,4,13,Virginia Tech,Region_1,0.9462824192217452,Virginia Tech,1,ml_gradient_boost
2019,R64,Maryland,Belmont,6,11,Maryland,Region_1,0.848533799735286,Maryland,1,ml_gradient_boost
2019,R64,LSU,Yale,3,14,LSU,Region_1,0.9676761415766282,LSU,1,ml_gradient_boost
2019,R64,Louisville,Minnesota,7,10,Minnesota,Region_1,0.2974826833262034,Minnesota,1,ml_gradient_boost
2019,R64,Michigan State,Bradley,2,15,Michigan State,Region_1,0.992924613192267,Michigan State,1,ml_gradient_boost
2019,R32,Duke,UCF,1,9,Duke,Region_1,0.9368758943942259,Duke,1,ml_gradient_boost
2019,R32,Liberty,Virginia Tech,12,4,Virginia Tech,Region_1,0.06587715503135003,Virginia Tech,1,ml_gradient_boost
2019,R32,Maryland,LSU,6,3,LSU,Region_1,0.08066308951587446,LSU,1,ml_gradient_boost
2019,R32,Minnesota,Michigan State,10,2,Michigan State,Region_1,0.007252486791412934,Michigan State,1,ml_gradient_boost
2019,S16,Duke,Virginia Tech,1,4,Duke,Region_1,0.9955390528796825,Duke,1,ml_gradient_boost
2019,S16,LSU,Michigan State,3,2,Michigan State,Region_1,0.11154486295894508,Michigan State,1,ml_gradient_boost
2019,E8,Duke,Michigan State,1,2,Michigan State,Region_1,0.5163486790566242,Duke,0,ml_gradient_boost
2019,R64,UNC,Iona,1,16,UNC,Region_2,0.99131934484302,UNC,1,ml_gradient_boost
2019,R64,Utah State,Washington,8,9,Washington,Region_2,0.05874659169497883,Washington,1,ml_gradient_boost
2019,R64,Auburn,New Mexico State,5,12,Auburn,Region_2,0.6730932577964206,Auburn,1,ml_gradient_boost
2019,R64,Kansas,Northeastern,4,13,Kansas,Region_2,0.9531546813501476,Kansas,1,ml_gradient_boost
2019,R64,Iowa State,Ohio State,6,11,Ohio State,Region_2,0.055748890713295106,Ohio State,1,ml_gradient_boost
2019,R64,Houston,Georgia State,3,14,Houston,Region_2,0.9596552124390841,Houston,1,ml_gradient_boost
2019,R64,Wofford,Seton Hall,7,10,Wofford,Region_2,0.974957247637581,Wofford,1,ml_gradient_boost
2019,R64,Kentucky,Abilene Christian,2,15,Kentucky,Region_2,0.9742816201427803,Kentucky,1,ml_gradient_boost
2019,R32,UNC,Washington,1,9,UNC,Region_2,0.3062186126262823,Washington,0,ml_gradient_boost
2019,R32,Auburn,Kansas,5,4,Auburn,Region_2,0.3571070029229386,Kansas,0,ml_gradient_boost
2019,R32,Ohio State,Houston,11,3,Houston,Region_2,0.6839365043369795,Ohio State,0,ml_gradient_boost
2019,R32,Wofford,Kentucky,7,2,Kentucky,Region_2,0.011262298563392663,Kentucky,1,ml_gradient_boost
2019,S16,UNC,Auburn,1,5,Auburn,Region_2,0.20582097054203047,Auburn,1,ml_gradient_boost
2019,S16,Houston,Kentucky,3,2,Kentucky,Region_2,0.06809948134175087,Kentucky,1,ml_gradient_boost
2019,E8,Auburn,Kentucky,5,2,Auburn,Region_2,0.2573405612249578,Kentucky,0,ml_gradient_boost
2019,R64,Virginia,Gardner-Webb,1,16,Virginia,Region_3,0.9959999006405754,Virginia,1,ml_gradient_boost
2019,R64,Ole Miss,Oklahoma,8,9,Oklahoma,Region_3,0.060580418164845114,Oklahoma,1,ml_gradient_boost
2019,R64,Wisconsin,Oregon,5,12,Oregon,Region_3,0.9138810234607602,Wisconsin,0,ml_gradient_boost
2019,R64,Kansas State,UC-Irvine,4,13,UC-Irvine,Region_3,0.9477014278087008,Kansas State,0,ml_gradient_boost
2019,R64,Purdue,Old Dominion,3,14,Purdue,Region_3,0.952605097073094,Purdue,1,ml_gradient_boost
2019,R64,Cincinnati,Iowa,7,10,Iowa,Region_3,0.5175297080262407,Cincinnati,0,ml_gradient_boost
2019,R64,Tennessee,Colgate,2,15,Tennessee,Region_3,0.9882429708109982,Tennessee,1,ml_gradient_boost
2019,R32,Virginia,Oklahoma,1,9,Virginia,Region_3,0.9247072594634498,Virginia,1,ml_gradient_boost
2019,R32,Oregon,UC-Irvine,12,13,Oregon,Region_3,0.5720291790650108,Oregon,1,ml_gradient_boost
2019,R32,Villanova,Purdue,6,3,Purdue,Region_3,0.13039046185613876,Purdue,1,ml_gradient_boost
2019,R32,Iowa,Tennessee,10,2,Tennessee,Region_3,0.03943865793994407,Tennessee,1,ml_gradient_boost
2019,S16,Virginia,Oregon,1,12,Virginia,Region_3,0.987054948074242,Virginia,1,ml_gradient_boost
2019,S16,Purdue,Tennessee,3,2,Purdue,Region_3,0.3515266087522481,Tennessee,0,ml_gradient_boost
2019,E8,Virginia,Purdue,1,3,Virginia,Region_3,0.922549012017613,Virginia,1,ml_gradient_boost
2019,R64,Gonzaga,FDU,1,16,Gonzaga,Region_4,0.9887813220141501,Gonzaga,1,ml_gradient_boost
2019,R64,Syracuse,Baylor,8,9,Baylor,Region_4,0.7566312333217967,Syracuse,0,ml_gradient_boost
2019,R64,Marquette,Murray State,5,12,Murray State,Region_4,0.7666023024738158,Marquette,0,ml_gradient_boost
2019,R64,Florida State,Vermont,4,13,Florida State,Region_4,0.9378973537985086,Florida State,1,ml_gradient_boost
2019,R64,Buffalo,Arizona State,6,11,Buffalo,Region_4,0.9722527809181618,Buffalo,1,ml_gradient_boost
2019,R64,Texas Tech,Northern Kentucky,3,14,Texas Tech,Region_4,0.9708551482693909,Texas Tech,1,ml_gradient_boost
2019,R64,Nevada,Florida,7,10,Florida,Region_4,0.9789295967018984,Nevada,0,ml_gradient_boost
2019,R64,Michigan,Montana,2,15,Michigan,Region_4,0.9771826543440386,Michigan,1,ml_gradient_boost
2019,R32,Gonzaga,Baylor,1,9,Gonzaga,Region_4,0.9797625653486038,Gonzaga,1,ml_gradient_boost
2019,R32,Murray State,Florida State,12,4,Florida State,Region_4,0.2657280403150717,Florida State,1,ml_gradient_boost
2019,R32,Buffalo,Texas Tech,6,3,Texas Tech,Region_4,0.41021717383618017,Texas Tech,1,ml_gradient_boost
2019,R32,Florida,Michigan,10,2,Michigan,Region_4,0.03995707730302115,Michigan,1,ml_gradient_boost
2019,S16,Gonzaga,Florida State,1,4,Gonzaga,Region_4,0.47060501212917694,Florida State,0,ml_gradient_boost
2019,S16,Texas Tech,Michigan,3,2,Texas Tech,Region_4,0.38163083647727314,Michigan,0,ml_gradient_boost
2019,E8,Gonzaga,Texas Tech,1,3,Texas Tech,Region_4,0.15633257953653007,Texas Tech,1,ml_gradient_boost
2019,F4,Michigan State,Texas Tech,2,3,Texas Tech,Final Four,0.8693519746806353,Michigan State,0,ml_gradient_boost
2019,F4,Auburn,Virginia,5,1,Virginia,Final Four,0.3241808760936559,Virginia,1,ml_gradient_boost
2019,Championship,Texas Tech,Virginia,3,1,Virginia,Final Four,0.05891355644278756,Virginia,1,ml_gradient_boost
2021,R64,Michigan,Texas Southern,1,16,Michigan,Region_1,0.9863561618933455,Michigan,1,ml_gradient_boost
2021,R64,LSU,St. Bonaventure,8,9,LSU,Region_1,0.20107663811678422,St. Bonaventure,0,ml_gradient_boost
2021,R64,Colorado,Georgetown,5,12,Colorado,Region_1,0.9508788474119282,Colorado,1,ml_gradient_boost
2021,R64,Florida State,UNC Greensboro,4,13,Florida State,Region_1,0.9282976961387069,Florida State,1,ml_gradient_boost
2021,R64,Texas,Abilene Christian,3,14,Abilene Christian,Region_1,0.2764096166856595,Abilene Christian,1,ml_gradient_boost
2021,R64,UConn,Maryland,7,10,Maryland,Region_1,0.7456536529063906,UConn,0,ml_gradient_boost
2021,R64,Alabama,Iona,2,15,Alabama,Region_1,0.9951156527694698,Alabama,1,ml_gradient_boost
2021,R32,Michigan,LSU,1,8,Michigan,Region_1,0.89156287281221,Michigan,1,ml_gradient_boost
2021,R32,Colorado,Florida State,5,4,Florida State,Region_1,0.8992290313105644,Colorado,0,ml_gradient_boost
2021,R32,UCLA,Abilene Christian,11,14,UCLA,Region_1,0.6950780947738988,UCLA,1,ml_gradient_boost
2021,R32,Maryland,Alabama,10,2,Alabama,Region_1,0.34229082800556543,Alabama,1,ml_gradient_boost
2021,S16,Michigan,Florida State,1,4,Michigan,Region_1,0.8805245897545163,Michigan,1,ml_gradient_boost
2021,S16,UCLA,Alabama,11,2,UCLA,Region_1,0.8232247945239364,UCLA,1,ml_gradient_boost
2021,E8,Michigan,UCLA,1,11,UCLA,Region_1,0.33229924078091166,UCLA,1,ml_gradient_boost
2021,R64,Illinois,Drexel,1,16,Illinois,Region_2,0.9865659270128805,Illinois,1,ml_gradient_boost
2021,R64,Loyola (IL),Georgia Tech,8,9,Loyola (IL),Region_2,0.9866765916902275,Loyola (IL),1,ml_gradient_boost
2021,R64,Tennessee,Oregon State,5,12,Oregon State,Region_2,0.09808605675082048,Oregon State,1,ml_gradient_boost
2021,R64,Oklahoma State,Liberty,4,13,Oklahoma State,Region_2,0.4729044674225118,Liberty,0,ml_gradient_boost
2021,R64,San Diego State,Syracuse,6,11,Syracuse,Region_2,0.40529244528011515,Syracuse,1,ml_gradient_boost
2021,R64,West Virginia,Morehead State,3,14,West Virginia,Region_2,0.9813697797123607,West Virginia,1,ml_gradient_boost
2021,R64,Clemson,Rutgers,7,10,Rutgers,Region_2,0.4302901061757087,Rutgers,1,ml_gradient_boost
2021,R64,Houston,Cleveland State,2,15,Houston,Region_2,0.9949300634225804,Houston,1,ml_gradient_boost
2021,R32,Illinois,Loyola (IL),1,8,Loyola (IL),Region_2,0.9738216288554209,Illinois,0,ml_gradient_boost
2021,R32,Oregon State,Oklahoma State,12,4,Oregon State,Region_2,0.505943336426375,Oregon State,1,ml_gradient_boost
2021,R32,Syracuse,West Virginia,11,3,Syracuse,Region_2,0.5537850273600882,Syracuse,1,ml_gradient_boost
2021,R32,Rutgers,Houston,10,2,Houston,Region_2,0.011970600986074697,Houston,1,ml_gradient_boost
2021,S16,Loyola (IL),Oregon State,8,12,Oregon State,Region_2,0.4894869490287431,Oregon State,1,ml_gradient_boost
2021,S16,Syracuse,Houston,11,2,Houston,Region_2,0.06896317386440333,Houston,1,ml_gradient_boost
2021,E8,Oregon State,Houston,12,2,Houston,Region_2,0.05718370485774247,Houston,1,ml_gradient_boost
2021,R64,Baylor,Hartford,1,16,Baylor,Region_3,0.9927755081482788,Baylor,1,ml_gradient_boost
2021,R64,UNC,Wisconsin,8,9,Wisconsin,Region_3,0.1087505858589666,Wisconsin,1,ml_gradient_boost
2021,R64,Villanova,Winthrop,5,12,Villanova,Region_3,0.31067398019124337,Winthrop,0,ml_gradient_boost
2021,R64,Purdue,North Texas,4,13,North Texas,Region_3,0.9389794448026574,Purdue,0,ml_gradient_boost
2021,R64,Texas Tech,Utah State,6,11,Texas Tech,Region_3,0.773481697409139,Texas Tech,1,ml_gradient_boost
2021,R64,Arkansas,Colgate,3,14,Arkansas,Region_3,0.1818020225628532,Colgate,0,ml_gradient_boost
2021,R64,Florida,Virginia Tech,7,10,Florida,Region_3,0.7262913857777243,Florida,1,ml_gradient_boost
2021,R64,Ohio State,Oral Roberts,2,15,Oral Roberts,Region_3,0.9866934838128283,Ohio State,0,ml_gradient_boost
2021,R32,Baylor,Wisconsin,1,9,Baylor,Region_3,0.7511623293440111,Baylor,1,ml_gradient_boost
2021,R32,Villanova,North Texas,5,13,Villanova,Region_3,0.7841517090640721,Villanova,1,ml_gradient_boost
2021,R32,Texas Tech,Arkansas,6,3,Arkansas,Region_3,0.05311352804682379,Arkansas,1,ml_gradient_boost
2021,R32,Florida,Oral Roberts,7,15,Oral Roberts,Region_3,0.8960283796812605,Florida,0,ml_gradient_boost
2021,S16,Baylor,Villanova,1,5,Baylor,Region_3,0.9659411234673199,Baylor,1,ml_gradient_boost
2021,S16,Arkansas,Oral Roberts,3,15,Arkansas,Region_3,0.8757492502829339,Arkansas,1,ml_gradient_boost
2021,E8,Baylor,Arkansas,1,3,Baylor,Region_3,0.9387447836322769,Baylor,1,ml_gradient_boost
2021,R64,Gonzaga,Norfolk State,1,16,Gonzaga,Region_4,0.9948827256320583,Gonzaga,1,ml_gradient_boost
2021,R64,Oklahoma,Missouri,8,9,Oklahoma,Region_4,0.10872022765628428,Missouri,0,ml_gradient_boost
2021,R64,Virginia,Ohio,4,13,Ohio,Region_4,0.9222241017838982,Virginia,0,ml_gradient_boost
2021,R64,Kansas,Eastern Washington,3,14,Kansas,Region_4,0.8780626727288886,Kansas,1,ml_gradient_boost
2021,R64,Oregon,VCU,7,10,Oregon,Region_4,0.9277221344251937,Oregon,1,ml_gradient_boost
2021,R64,Iowa,Grand Canyon,2,15,Iowa,Region_4,0.991610528252341,Iowa,1,ml_gradient_boost
2021,R32,Gonzaga,Oklahoma,1,8,Gonzaga,Region_4,0.9820538646536328,Gonzaga,1,ml_gradient_boost
2021,R32,Creighton,Ohio,5,13,Creighton,Region_4,0.898774192438771,Creighton,1,ml_gradient_boost
2021,R32,Oregon,Iowa,7,2,Oregon,Region_4,0.8206706884035377,Oregon,1,ml_gradient_boost
2021,S16,Gonzaga,Creighton,1,5,Gonzaga,Region_4,0.9441458531973685,Gonzaga,1,ml_gradient_boost
2021,F4,UCLA,Gonzaga,11,1,Gonzaga,Final Four,0.7098184633022384,UCLA,0,ml_gradient_boost
2021,F4,Houston,Baylor,2,1,Baylor,Final Four,0.12662814424669885,Baylor,1,ml_gradient_boost
2021,Championship,Gonzaga,Baylor,1,1,Baylor,Final Four,0.3909043297196953,Baylor,1,ml_gradient_boost
2022,R64,Baylor,Norfolk State,1,16,Baylor,Region_1,0.9866447069212997,Baylor,1,ml_gradient_boost
2022,R64,UNC,Marquette,8,9,UNC,Region_1,0.6759694008881503,UNC,1,ml_gradient_boost
2022,R64,UCLA,Akron,4,13,UCLA,Region_1,0.9864477415637138,UCLA,1,ml_gradient_boost
2022,R64,Texas,Virginia Tech,6,11,Texas,Region_1,0.7693095708366484,Texas,1,ml_gradient_boost
2022,R64,Purdue,Yale,3,14,Purdue,Region_1,0.960343357763164,Purdue,1,ml_gradient_boost
2022,R64,Murray State,San Francisco,7,10,Murray State,Region_1,0.16400132714691362,San Francisco,0,ml_gradient_boost
2022,R32,Baylor,UNC,1,8,UNC,Region_1,0.4041988887964349,UNC,1,ml_gradient_boost
2022,R32,Texas,Purdue,6,3,Purdue,Region_1,0.10111734251728752,Purdue,1,ml_gradient_boost
2022,S16,UNC,UCLA,8,4,UNC,Region_1,0.9066009687898988,UNC,1,ml_gradient_boost
2022,R64,Kansas,Texas Southern,1,16,Kansas,Region_2,0.9902824120337368,Kansas,1,ml_gradient_boost
2022,R64,San Diego State,Creighton,8,9,Creighton,Region_2,0.5022030645931292,San Diego State,0,ml_gradient_boost
2022,R64,Iowa,Richmond,5,12,Richmond,Region_2,0.8421634934602747,Iowa,0,ml_gradient_boost
2022,R64,Providence,South Dakota State,4,13,Providence,Region_2,0.622416224193303,Providence,1,ml_gradient_boost
2022,R64,LSU,Iowa State,6,11,Iowa State,Region_2,0.13408392560867027,Iowa State,1,ml_gradient_boost
2022,R64,Wisconsin,Colgate,3,14,Wisconsin,Region_2,0.7222434614025125,Wisconsin,1,ml_gradient_boost
2022,R64,Auburn,Jacksonville State,2,15,Auburn,Region_2,0.9815222876616011,Auburn,1,ml_gradient_boost
2022,R32,Kansas,Creighton,1,9,Kansas,Region_2,0.9836710438440203,Kansas,1,ml_gradient_boost
2022,R32,Richmond,Providence,12,4,Providence,Region_2,0.036368715376284916,Providence,1,ml_gradient_boost
2022,R32,Iowa State,Wisconsin,11,3,Iowa State,Region_2,0.38871147436689985,Wisconsin,0,ml_gradient_boost
2022,R32,Miami (FL),Auburn,10,2,Miami (FL),Region_2,0.015329555562415654,Auburn,0,ml_gradient_boost
2022,S16,Kansas,Providence,1,4,Kansas,Region_2,0.9376757203746323,Kansas,1,ml_gradient_boost
2022,S16,Iowa State,Miami (FL),11,10,Miami (FL),Region_2,0.9334643653641302,Iowa State,0,ml_gradient_boost
2022,E8,Kansas,Miami (FL),1,10,Kansas,Region_2,0.9449324983126777,Kansas,1,ml_gradient_boost
2022,R64,Arizona,Wright State,1,16,Arizona,Region_3,0.9812539794797897,Arizona,1,ml_gradient_boost
2022,R64,Seton Hall,TCU,8,9,TCU,Region_3,0.12383312639400883,TCU,1,ml_gradient_boost
2022,R64,Houston,UAB,5,12,Houston,Region_3,0.9310321444721259,Houston,1,ml_gradient_boost
2022,R64,Illinois,Chattanooga,4,13,Illinois,Region_3,0.943058118300139,Illinois,1,ml_gradient_boost
2022,R64,Colorado State,Michigan,6,11,Michigan,Region_3,0.8345820931026655,Colorado State,0,ml_gradient_boost
2022,R64,Tennessee,Longwood,3,14,Tennessee,Region_3,0.9842373344536416,Tennessee,1,ml_gradient_boost
2022,R64,Ohio State,Loyola (IL),7,10,Ohio State,Region_3,0.27084973763418946,Loyola (IL),0,ml_gradient_boost
2022,R64,Villanova,Delaware,2,15,Villanova,Region_3,0.977900746532618,Villanova,1,ml_gradient_boost
2022,R32,Arizona,TCU,1,9,Arizona,Region_3,0.9535752120032616,Arizona,1,ml_gradient_boost
2022,R32,Houston,Illinois,5,4,Houston,Region_3,0.8828205565158709,Houston,1,ml_gradient_boost
2022,R32,Michigan,Tennessee,11,3,Michigan,Region_3,0.12060622036923171,Tennessee,0,ml_gradient_boost
2022,R32,Ohio State,Villanova,7,2,Villanova,Region_3,0.21419266477395987,Villanova,1,ml_gradient_boost
2022,S16,Arizona,Houston,1,5,Houston,Region_3,0.22251054308527582,Houston,1,ml_gradient_boost
2022,S16,Michigan,Villanova,11,2,Villanova,Region_3,0.3638582186185712,Villanova,1,ml_gradient_boost
2022,E8,Houston,Villanova,5,2,Villanova,Region_3,0.7762535590893536,Houston,0,ml_gradient_boost
2022,R64,Gonzaga,Georgia State,1,16,Gonzaga,Region_4,0.9762171090008921,Gonzaga,1,ml_gradient_boost
2022,R64,Boise State,Memphis,8,9,Memphis,Region_4,0.9187917307276875,Boise State,0,ml_gradient_boost
2022,R64,UConn,New Mexico State,5,12,New Mexico State,Region_4,0.5101049190931564,UConn,0,ml_gradient_boost
2022,R64,Arkansas,Vermont,4,13,Arkansas,Region_4,0.8227771828611932,Arkansas,1,ml_gradient_boost
2022,R64,Alabama,Notre Dame,6,11,Notre Dame,Region_4,0.1229480706064698,Notre Dame,1,ml_gradient_boost
2022,R64,Texas Tech,Montana State,3,14,Texas Tech,Region_4,0.9765313251854578,Texas Tech,1,ml_gradient_boost
2022,R64,Michigan State,Davidson,7,10,Michigan State,Region_4,0.5390314394731862,Michigan State,1,ml_gradient_boost
2022,R64,Duke,Cal State Fullerton,2,15,Duke,Region_4,0.9327501854786984,Duke,1,ml_gradient_boost
2022,R32,Gonzaga,Memphis,1,9,Gonzaga,Region_4,0.9907801104445658,Gonzaga,1,ml_gradient_boost
2022,R32,New Mexico State,Arkansas,12,4,Arkansas,Region_4,0.04582574052390408,Arkansas,1,ml_gradient_boost
2022,R32,Notre Dame,Texas Tech,11,3,Texas Tech,Region_4,0.0431507301047551,Texas Tech,1,ml_gradient_boost
2022,R32,Michigan State,Duke,7,2,Duke,Region_4,0.11960828352284171,Duke,1,ml_gradient_boost
2022,S16,Gonzaga,Arkansas,1,4,Arkansas,Region_4,0.718957058516172,Gonzaga,0,ml_gradient_boost
2022,S16,Texas Tech,Duke,3,2,Duke,Region_4,0.3753828172427696,Duke,1,ml_gradient_boost
2022,E8,Arkansas,Duke,4,2,Duke,Region_4,0.5343473668988598,Arkansas,0,ml_gradient_boost
2022,F4,UNC,Duke,8,2,UNC,Final Four,0.6663514849593702,UNC,1,ml_gradient_boost
2022,F4,Kansas,Villanova,1,2,Kansas,Final Four,0.5450015347507154,Kansas,1,ml_gradient_boost
2022,Championship,UNC,Kansas,8,1,Kansas,Final Four,0.15997684243557433,Kansas,1,ml_gradient_boost
2023,R64,Purdue,FDU,1,16,FDU,Region_1,0.9957849851960293,Purdue,0,ml_gradient_boost
2023,R64,Memphis,Florida Atlantic,8,9,Florida Atlantic,Region_1,0.5319212143872359,Memphis,0,ml_gradient_boost
2023,R64,Duke,Oral Roberts,5,12,Duke,Region_1,0.767771681309933,Duke,1,ml_gradient_boost
2023,R64,Tennessee,Louisiana,4,13,Tennessee,Region_1,0.9090343672667334,Tennessee,1,ml_gradient_boost
2023,R64,Kentucky,Providence,6,11,Kentucky,Region_1,0.24959143666471997,Providence,0,ml_gradient_boost
2023,R64,Kansas State,Montana State,3,14,Kansas State,Region_1,0.8598405825455271,Kansas State,1,ml_gradient_boost
2023,R64,Marquette,Vermont,2,15,Marquette,Region_1,0.9699706897408312,Marquette,1,ml_gradient_boost
2023,R32,FDU,Florida Atlantic,16,9,Florida Atlantic,Region_1,0.020490070585261425,Florida Atlantic,1,ml_gradient_boost
2023,R32,Duke,Tennessee,5,4,Tennessee,Region_1,0.897971198967762,Duke,0,ml_gradient_boost
2023,R32,Kentucky,Kansas State,6,3,Kansas State,Region_1,0.3956771703084396,Kansas State,1,ml_gradient_boost
2023,R32,Michigan State,Marquette,7,2,Michigan State,Region_1,0.5262705105571198,Michigan State,1,ml_gradient_boost
2023,S16,Florida Atlantic,Tennessee,9,4,Florida Atlantic,Region_1,0.8484367289011228,Florida Atlantic,1,ml_gradient_boost
2023,S16,Kansas State,Michigan State,3,7,Kansas State,Region_1,0.659417303350265,Kansas State,1,ml_gradient_boost
2023,E8,Florida Atlantic,Kansas State,9,3,Florida Atlantic,Region_1,0.8463035637065938,Florida Atlantic,1,ml_gradient_boost
2023,R64,Houston,Northern Kentucky,1,16,Houston,Region_2,0.980017161019199,Houston,1,ml_gradient_boost
2023,R64,Iowa,Auburn,8,9,Auburn,Region_2,0.10101508180918067,Auburn,1,ml_gradient_boost
2023,R64,Miami (FL),Drake,5,12,Miami (FL),Region_2,0.7711938278186985,Miami (FL),1,ml_gradient_boost
2023,R64,Indiana,Kent State,4,13,Indiana,Region_2,0.18868541763933633,Kent State,0,ml_gradient_boost
2023,R64,Iowa State,Pitt,6,11,Pitt,Region_2,0.2307553515956027,Pitt,1,ml_gradient_boost
2023,R64,Xavier,Kennesaw State,3,14,Xavier,Region_2,0.9536517560703449,Xavier,1,ml_gradient_boost
2023,R64,Texas A&M,Penn State,7,10,Penn State,Region_2,0.08318564836671698,Penn State,1,ml_gradient_boost
2023,R64,Texas,Colgate,2,15,Texas,Region_2,0.9694673112228375,Texas,1,ml_gradient_boost
2023,R32,Houston,Auburn,1,9,Houston,Region_2,0.9725330605317076,Houston,1,ml_gradient_boost
2023,R32,Miami (FL),Indiana,5,4,Miami (FL),Region_2,0.9094103916742207,Miami (FL),1,ml_gradient_boost
2023,R32,Pitt,Xavier,11,3,Xavier,Region_2,0.22803625020507903,Xavier,1,ml_gradient_boost
2023,R32,Penn State,Texas,10,2,Texas,Region_2,0.11050176637773788,Texas,1,ml_gradient_boost
2023,S16,Houston,Miami (FL),1,5,Miami (FL),Region_2,0.9116425886411258,Houston,0,ml_gradient_boost
2023,S16,Xavier,Texas,3,2,Texas,Region_2,0.4028053731726178,Texas,1,ml_gradient_boost
2023,E8,Miami (FL),Texas,5,2,Miami (FL),Region_2,0.17689069788980413,Texas,0,ml_gradient_boost
2023,R64,Alabama,Texas A&M-Corpus Christi,1,16,Alabama,Region_3,0.9862509562787151,Alabama,1,ml_gradient_boost
2023,R64,Maryland,West Virginia,8,9,Maryland,Region_3,0.10684967763252158,West Virginia,0,ml_gradient_boost
2023,R64,San Diego State,College of Charleston,5,12,San Diego State,Region_3,0.9665702506099216,San Diego State,1,ml_gradient_boost
2023,R64,Virginia,Furman,4,13,Furman,Region_3,0.706164965270515,Virginia,0,ml_gradient_boost
2023,R64,Creighton,NC State,6,11,Creighton,Region_3,0.6034372343042143,Creighton,1,ml_gradient_boost
2023,R64,Missouri,Utah State,7,10,Missouri,Region_3,0.14568936075161554,Utah State,0,ml_gradient_boost
2023,R64,Arizona,Princeton,2,15,Princeton,Region_3,0.9095303178466158,Arizona,0,ml_gradient_boost
2023,R32,Alabama,Maryland,1,8,Alabama,Region_3,0.9856838930083144,Alabama,1,ml_gradient_boost
2023,R32,San Diego State,Furman,5,13,San Diego State,Region_3,0.9610002745903053,San Diego State,1,ml_gradient_boost
2023,R32,Creighton,Baylor,6,3,Creighton,Region_3,0.5776945688002676,Creighton,1,ml_gradient_boost
2023,R32,Missouri,Princeton,7,15,Princeton,Region_3,0.8752145412562891,Missouri,0,ml_gradient_boost
2023,S16,Alabama,San Diego State,1,5,San Diego State,Region_3,0.16684429410113788,San Diego State,1,ml_gradient_boost
2023,S16,Creighton,Princeton,6,15,Creighton,Region_3,0.9721271317143738,Creighton,1,ml_gradient_boost
2023,E8,San Diego State,Creighton,5,6,San Diego State,Region_3,0.8874671161161078,San Diego State,1,ml_gradient_boost
2023,R64,Kansas,Howard,1,16,Kansas,Region_4,0.9872499230828139,Kansas,1,ml_gradient_boost
2023,R64,Arkansas,Illinois,8,9,Arkansas,Region_4,0.8779390152462299,Arkansas,1,ml_gradient_boost
2023,R64,UConn,Iona,4,13,UConn,Region_4,0.9505816261631438,UConn,1,ml_gradient_boost
2023,R64,TCU,Arizona State,6,11,TCU,Region_4,0.6078389542384732,TCU,1,ml_gradient_boost
2023,R64,Gonzaga,Grand Canyon,3,14,Gonzaga,Region_4,0.9685940339794464,Gonzaga,1,ml_gradient_boost
2023,R64,Northwestern,Boise State,7,10,Northwestern,Region_4,0.76692875994169,Northwestern,1,ml_gradient_boost
2023,R64,UCLA,UNC Asheville,2,15,UCLA,Region_4,0.9669764808936564,UCLA,1,ml_gradient_boost
2023,R32,Kansas,Arkansas,1,8,Arkansas,Region_4,0.9011145407758252,Kansas,0,ml_gradient_boost
2023,R32,TCU,Gonzaga,6,3,Gonzaga,Region_4,0.04780622649199504,Gonzaga,1,ml_gradient_boost
2023,R32,Northwestern,UCLA,7,2,UCLA,Region_4,0.023284358681072304,UCLA,1,ml_gradient_boost
2023,S16,Arkansas,UConn,8,4,UConn,Region_4,0.20534138099092072,UConn,1,ml_gradient_boost
2023,S16,Gonzaga,UCLA,3,2,Gonzaga,Region_4,0.14902492754315402,UCLA,0,ml_gradient_boost
2023,E8,UConn,Gonzaga,4,3,UConn,Region_4,0.3738995872492368,Gonzaga,0,ml_gradient_boost
2023,F4,Florida Atlantic,San Diego State,9,5,San Diego State,Final Four,0.10422229824043656,San Diego State,1,ml_gradient_boost
2023,F4,Miami (FL),UConn,5,4,UConn,Final Four,0.05658150381456539,UConn,1,ml_gradient_boost
2023,Championship,San Diego State,UConn,5,4,UConn,Final Four,0.7581395855911353,San Diego State,0,ml_gradient_boost
2024,R64,UConn,Stetson,1,16,UConn,Region_1,0.9438004432931152,UConn,1,ml_gradient_boost
2024,R64,Florida Atlantic,Northwestern,8,9,Northwestern,Region_1,0.39153100053062906,Northwestern,1,ml_gradient_boost
2024,R64,San Diego State,UAB,5,12,San Diego State,Region_1,0.5792053285324279,San Diego State,1,ml_gradient_boost
2024,R64,Auburn,Yale,4,13,Yale,Region_1,0.9470312415785541,Auburn,0,ml_gradient_boost
2024,R64,Illinois,Morehead State,3,14,Illinois,Region_1,0.955316007349922,Illinois,1,ml_gradient_boost
2024,R64,Washington State,Drake,7,10,Washington State,Region_1,0.827248030995549,Washington State,1,ml_gradient_boost
2024,R64,Iowa State,South Dakota State,2,15,Iowa State,Region_1,0.9834780491114582,Iowa State,1,ml_gradient_boost
2024,R32,UConn,Northwestern,1,9,UConn,Region_1,0.963537896569611,UConn,1,ml_gradient_boost
2024,R32,San Diego State,Yale,5,13,San Diego State,Region_1,0.9525614919876643,San Diego State,1,ml_gradient_boost
2024,R32,Duquesne,Illinois,11,3,Illinois,Region_1,0.6727036923608629,Duquesne,0,ml_gradient_boost
2024,R32,Washington State,Iowa State,7,2,Iowa State,Region_1,0.1556246696278547,Iowa State,1,ml_gradient_boost
2024,S16,UConn,San Diego State,1,5,UConn,Region_1,0.9713809402261501,UConn,1,ml_gradient_boost
2024,S16,Illinois,Iowa State,3,2,Illinois,Region_1,0.7393826801104714,Illinois,1,ml_gradient_boost
2024,E8,UConn,Illinois,1,3,UConn,Region_1,0.945283439646134,UConn,1,ml_gradient_boost
2024,R64,Purdue,Grambling,1,16,Purdue,Region_2,0.2344696398653387,Grambling,0,ml_gradient_boost
2024,R64,Utah State,TCU,8,9,Utah State,Region_2,0.9361305829497566,Utah State,1,ml_gradient_boost
2024,R64,Gonzaga,McNeese State,5,12,Gonzaga,Region_2,0.6819216136313926,Gonzaga,1,ml_gradient_boost
2024,R64,Kansas,Samford,4,13,Kansas,Region_2,0.4275921456331382,Samford,0,ml_gradient_boost
2024,R64,South Carolina,Oregon,6,11,Oregon,Region_2,0.25901349516192207,Oregon,1,ml_gradient_boost
2024,R64,Creighton,Akron,3,14,Creighton,Region_2,0.9645237122068633,Creighton,1,ml_gradient_boost
2024,R64,Texas,Colorado State,7,10,Texas,Region_2,0.8185807601661408,Texas,1,ml_gradient_boost
2024,R32,Purdue,Utah State,1,8,Purdue,Region_2,0.9405440660821863,Purdue,1,ml_gradient_boost
2024,R32,Gonzaga,Kansas,5,4,Gonzaga,Region_2,0.3639393238307638,Kansas,0,ml_gradient_boost
2024,R32,Oregon,Creighton,11,3,Creighton,Region_2,0.6857059377014904,Oregon,0,ml_gradient_boost
2024,R32,Texas,Tennessee,7,2,Tennessee,Region_2,0.05744713554470819,Tennessee,1,ml_gradient_boost
2024,S16,Purdue,Gonzaga,1,5,Purdue,Region_2,0.9268296649822381,Purdue,1,ml_gradient_boost
2024,S16,Creighton,Tennessee,3,2,Tennessee,Region_2,0.1226235072031833,Tennessee,1,ml_gradient_boost
2024,E8,Purdue,Tennessee,1,2,Purdue,Region_2,0.8536374545557742,Purdue,1,ml_gradient_boost
2024,R64,Houston,Longwood,1,16,Houston,Region_3,0.993144361129382,Houston,1,ml_gradient_boost
2024,R64,Nebraska,Texas A&M,8,9,Texas A&M,Region_3,0.8366821661090483,Nebraska,0,ml_gradient_boost
2024,R64,Wisconsin,James Madison,5,12,James Madison,Region_3,0.8789317297914682,Wisconsin,0,ml_gradient_boost
2024,R64,Duke,Vermont,4,13,Duke,Region_3,0.9712246324560974,Duke,1,ml_gradient_boost
2024,R64,Texas Tech,NC State,6,11,NC State,Region_3,0.6050544208486146,Texas Tech,0,ml_gradient_boost
2024,R64,Kentucky,Oakland,3,14,Oakland,Region_3,0.9461430435301014,Kentucky,0,ml_gradient_boost
2024,R64,Florida,Colorado,7,10,Colorado,Region_3,0.1514104966769803,Colorado,1,ml_gradient_boost
2024,R64,Marquette,Western Kentucky,2,15,Marquette,Region_3,0.9335391052335584,Marquette,1,ml_gradient_boost
2024,R32,Houston,Texas A&M,1,9,Houston,Region_3,0.9657182627190287,Houston,1,ml_gradient_boost
2024,R32,James Madison,Duke,12,4,Duke,Region_3,0.15986439211538503,Duke,1,ml_gradient_boost
2024,R32,NC State,Oakland,11,14,NC State,Region_3,0.9218751341391402,NC State,1,ml_gradient_boost
2024,R32,Colorado,Marquette,10,2,Marquette,Region_3,0.5461238527085993,Colorado,0,ml_gradient_boost
2024,S16,Houston,Duke,1,4,Duke,Region_3,0.9690831446862801,Houston,0,ml_gradient_boost
2024,S16,NC State,Marquette,11,2,NC State,Region_3,0.17088355385141765,Marquette,0,ml_gradient_boost
2024,E8,Duke,NC State,4,11,NC State,Region_3,0.4838042494914687,NC State,1,ml_gradient_boost
2024,R64,UNC,Wagner,1,16,UNC,Region_4,0.2418631927889912,Wagner,0,ml_gradient_boost
2024,R64,Mississippi State,Michigan State,8,9,Michigan State,Region_4,0.031412865123718554,Michigan State,1,ml_gradient_boost
2024,R64,Alabama,College of Charleston,4,13,Alabama,Region_4,0.8935698611322473,Alabama,1,ml_gradient_boost
2024,R64,Clemson,New Mexico,6,11,Clemson,Region_4,0.7557224341435183,Clemson,1,ml_gradient_boost
2024,R64,Baylor,Colgate,3,14,Baylor,Region_4,0.9792781215957266,Baylor,1,ml_gradient_boost
2024,R64,Dayton,Nevada,7,10,Dayton,Region_4,0.29062978541579126,Nevada,0,ml_gradient_boost
2024,R64,Arizona,Long Beach State,2,15,Arizona,Region_4,0.9771342963082235,Arizona,1,ml_gradient_boost
2024,R32,UNC,Michigan State,1,9,UNC,Region_4,0.8994651402486235,UNC,1,ml_gradient_boost
2024,R32,Grand Canyon,Alabama,12,4,Alabama,Region_4,0.027346175850600517,Alabama,1,ml_gradient_boost
2024,R32,Clemson,Baylor,6,3,Clemson,Region_4,0.15810438676382985,Baylor,0,ml_gradient_boost
2024,R32,Dayton,Arizona,7,2,Arizona,Region_4,0.6609085307244523,Dayton,0,ml_gradient_boost
2024,S16,UNC,Alabama,1,4,Alabama,Region_4,0.8531989299294357,UNC,0,ml_gradient_boost
2024,S16,Clemson,Arizona,6,2,Clemson,Region_4,0.21509850419891224,Arizona,0,ml_gradient_boost
2024,E8,Alabama,Clemson,4,6,Alabama,Region_4,0.6852610010107887,Alabama,1,ml_gradient_boost
2024,F4,UConn,Alabama,1,4,UConn,Final Four,0.9340939307666363,UConn,1,ml_gradient_boost
2024,F4,Purdue,NC State,1,11,Purdue,Final Four,0.9429275110130417,Purdue,1,ml_gradient_boost
2024,Championship,UConn,Purdue,1,1,UConn,Final Four,0.03296074685926429,Purdue,0,ml_gradient_boost
